refund_id,order_id,requested_at,refunded_at,refund_status,refund_amount_fen,dataset_version
R000001,O000003,2026-08-12T15:47:50,2026-08-13T15:47:50,success,825149,demo-v1.1
R000002,O000006,2026-06-18T16:30:37,2026-06-19T09:30:37,success,690287,demo-v1.1
R000003,O000009,2026-09-16T06:28:16,2026-09-17T06:28:16,success,18284,demo-v1.1
R000004,O000010,2026-05-18T07:14:36,2026-05-19T08:14:36,success,233046,demo-v1.1
R000005,O000015,2026-06-25T20:55:48,2026-06-25T22:55:48,success,609167,demo-v1.1
R000006,O000017,2026-03-03T02:25:00,2026-03-03T17:25:00,success,146208,demo-v1.1
R000007,O000019,2026-05-26T04:27:30,2026-05-26T19:27:30,success,77188,demo-v1.1
R000008,O000023,2026-08-15T19:51:48,2026-08-16T03:51:48,success,80589,demo-v1.1
R000009,O000023,2026-08-16T03:52:48,2026-08-17T13:52:48,success,33403,demo-v1.1
R000010,O000026,2026-09-29T20:20:35,2026-09-30T23:59:59,success,406022,demo-v1.1
R000011,O000028,2026-08-03T11:27:07,2026-08-04T10:27:07,success,721506,demo-v1.1
R000012,O000043,2026-08-16T20:34:52,2026-08-17T23:34:52,success,723896,demo-v1.1
R000013,O000045,2026-07-02T07:45:44,2026-07-04T16:45:44,success,558503,demo-v1.1
R000014,O000047,2026-04-17T02:45:18,,pending,210221,demo-v1.1
R000015,O000049,2026-02-11T03:08:16,2026-02-11T19:08:16,success,184424,demo-v1.1
R000016,O000057,2026-08-22T01:50:40,2026-08-24T05:50:40,success,200479,demo-v1.1
R000017,O000060,2026-06-23T14:46:01,2026-06-25T16:46:01,success,1367325,demo-v1.1
R000018,O000063,2026-09-15T07:30:57,2026-09-15T16:30:57,success,102876,demo-v1.1
R000019,O000063,2026-09-15T16:31:57,2026-09-17T16:31:57,success,389031,demo-v1.1
R000020,O000071,2026-06-02T09:40:28,2026-06-02T19:40:28,success,595436,demo-v1.1
R000021,O000073,2026-02-22T10:27:52,2026-02-23T02:27:52,success,121043,demo-v1.1
R000022,O000073,2026-02-23T02:28:52,2026-02-24T23:28:52,success,104500,demo-v1.1
R000023,O000088,2026-06-10T11:24:23,2026-06-12T19:24:23,success,888181,demo-v1.1
R000024,O000094,2026-02-07T17:09:37,2026-02-10T09:09:37,success,342714,demo-v1.1
R000025,O000107,2026-05-13T19:44:43,2026-05-16T07:44:43,success,809843,demo-v1.1
R000026,O000109,2026-08-23T05:55:21,2026-08-25T10:55:21,success,79365,demo-v1.1
R000027,O000119,2026-09-26T01:25:22,2026-09-26T03:25:22,success,15004,demo-v1.1
R000028,O000139,2026-05-20T20:40:58,2026-05-21T22:40:58,success,587487,demo-v1.1
R000029,O000142,2026-01-29T22:00:56,,pending,681834,demo-v1.1
R000030,O000155,2026-05-06T19:02:09,2026-05-07T13:02:09,success,112955,demo-v1.1
R000031,O000159,2026-03-11T12:43:25,2026-03-14T03:43:25,success,851517,demo-v1.1
R000032,O000162,2026-05-05T22:12:18,2026-05-07T01:12:18,success,548846,demo-v1.1
R000033,O000163,2026-05-03T16:54:27,,failed,917621,demo-v1.1
R000034,O000170,2026-06-02T13:02:14,2026-06-04T15:02:14,success,180706,demo-v1.1
R000035,O000172,2026-02-10T01:27:07,2026-02-10T13:27:07,success,503921,demo-v1.1
R000036,O000178,2026-07-23T14:14:22,2026-07-24T00:14:22,success,1104286,demo-v1.1
R000037,O000186,2026-08-06T15:39:35,2026-08-07T15:39:35,success,53,demo-v1.1
R000038,O000190,2026-05-10T23:29:55,2026-05-11T07:29:55,success,507445,demo-v1.1
R000039,O000193,2026-09-10T19:39:38,,failed,366562,demo-v1.1
R000040,O000196,2026-07-30T00:30:25,2026-07-31T23:30:25,success,37439,demo-v1.1
R000041,O000199,2026-02-01T00:41:24,,pending,51158,demo-v1.1
R000042,O000203,2026-05-11T23:17:58,2026-05-12T21:17:58,success,1580819,demo-v1.1
R000043,O000207,2026-04-23T05:35:29,2026-04-24T07:35:29,success,1318127,demo-v1.1
R000044,O000224,2026-04-24T16:23:51,2026-04-27T13:23:51,success,887646,demo-v1.1
R000045,O000235,2026-06-03T00:36:59,2026-06-03T15:36:59,success,351289,demo-v1.1
R000046,O000242,2026-01-24T01:30:24,2026-01-25T19:30:24,success,70624,demo-v1.1
R000047,O000243,2026-09-03T05:50:51,2026-09-04T11:50:51,success,220074,demo-v1.1
R000048,O000244,2026-03-23T16:13:12,2026-03-23T19:13:12,success,293220,demo-v1.1
R000049,O000245,2026-01-29T13:06:22,2026-02-01T00:06:22,success,595011,demo-v1.1
R000050,O000260,2026-07-24T17:54:42,2026-07-25T06:54:42,success,140591,demo-v1.1
R000051,O000260,2026-07-25T06:55:42,2026-07-27T13:55:42,success,178009,demo-v1.1
R000052,O000265,2026-06-01T06:04:30,2026-06-01T11:04:30,success,305906,demo-v1.1
R000053,O000271,2026-06-09T06:43:09,2026-06-10T11:43:09,success,198627,demo-v1.1
R000054,O000277,2026-04-27T04:52:07,2026-04-28T14:52:07,success,77599,demo-v1.1
R000055,O000279,2026-05-07T06:46:10,,pending,83173,demo-v1.1
R000056,O000279,2026-05-08T21:47:10,,failed,6530,demo-v1.1
R000057,O000280,2026-09-02T06:49:53,2026-09-02T14:49:53,success,187948,demo-v1.1
R000058,O000281,2026-04-21T06:34:44,,pending,13067,demo-v1.1
R000059,O000296,2026-05-27T03:06:09,2026-05-29T10:06:09,success,1141963,demo-v1.1
R000060,O000298,2026-03-23T23:07:00,,failed,1305290,demo-v1.1
R000061,O000313,2026-03-03T01:47:16,2026-03-03T23:47:16,success,555031,demo-v1.1
R000062,O000319,2026-04-11T13:50:58,2026-04-12T14:50:58,success,107078,demo-v1.1
R000063,O000333,2026-03-21T02:35:22,2026-03-22T09:35:22,success,256787,demo-v1.1
R000064,O000334,2026-01-17T10:34:28,,failed,1394376,demo-v1.1
R000065,O000340,2026-06-01T09:52:45,,pending,1568231,demo-v1.1
R000066,O000341,2026-09-24T11:45:39,2026-09-25T20:45:39,success,243901,demo-v1.1
R000067,O000343,2026-05-22T16:31:24,2026-05-24T14:31:24,success,39761,demo-v1.1
R000068,O000345,2026-05-04T19:51:51,2026-05-05T23:51:51,success,6276,demo-v1.1
R000069,O000345,2026-05-05T23:52:51,2026-05-06T08:52:51,success,8683,demo-v1.1
R000070,O000349,2026-07-16T13:19:38,,pending,339166,demo-v1.1
R000071,O000363,2026-06-16T17:12:26,2026-06-16T23:12:26,success,600597,demo-v1.1
R000072,O000382,2026-05-15T18:23:55,2026-05-15T22:23:55,success,645932,demo-v1.1
R000073,O000395,2026-02-09T09:21:10,2026-02-11T02:21:10,success,36134,demo-v1.1
R000074,O000413,2026-09-12T03:43:07,2026-09-13T22:43:07,success,205653,demo-v1.1
R000075,O000416,2026-02-11T19:22:34,2026-02-12T04:22:34,success,112997,demo-v1.1
R000076,O000421,2026-09-12T10:08:15,2026-09-14T13:08:15,success,747,demo-v1.1
R000077,O000425,2026-03-16T08:30:22,,failed,55872,demo-v1.1
R000078,O000432,2026-07-20T07:29:30,2026-07-23T03:29:30,success,642780,demo-v1.1
R000079,O000440,2026-01-09T20:45:17,2026-01-10T17:45:17,success,718202,demo-v1.1
R000080,O000443,2026-03-09T14:20:24,2026-03-09T18:20:24,success,442742,demo-v1.1
R000081,O000444,2026-05-02T08:21:23,2026-05-02T23:21:23,success,251900,demo-v1.1
R000082,O000447,2026-05-04T18:21:50,2026-05-04T22:21:50,success,137827,demo-v1.1
R000083,O000451,2026-07-02T00:56:15,2026-07-02T16:56:15,success,869215,demo-v1.1
R000084,O000463,2026-07-23T01:34:18,2026-07-24T18:34:18,success,179472,demo-v1.1
R000085,O000473,2026-03-27T19:34:52,2026-03-28T14:34:52,success,1195631,demo-v1.1
R000086,O000483,2026-02-10T01:07:18,2026-02-11T20:07:18,success,28882,demo-v1.1
R000087,O000492,2026-08-02T11:04:15,,failed,1180732,demo-v1.1
R000088,O000496,2026-04-28T15:36:10,2026-04-30T14:36:10,success,677744,demo-v1.1
R000089,O000508,2026-04-21T16:09:20,2026-04-24T10:09:20,success,14504,demo-v1.1
R000090,O000508,2026-04-24T10:10:20,2026-04-25T21:10:20,success,153525,demo-v1.1
R000091,O000530,2026-09-06T07:00:47,2026-09-07T15:00:47,success,507014,demo-v1.1
R000092,O000556,2026-01-26T19:15:35,2026-01-27T18:15:35,success,265014,demo-v1.1
R000093,O000559,2026-02-13T17:29:28,2026-02-15T00:29:28,success,155192,demo-v1.1
R000094,O000561,2026-05-01T01:19:26,2026-05-03T23:19:26,success,1450584,demo-v1.1
R000095,O000566,2026-03-10T17:24:41,,failed,478479,demo-v1.1
R000096,O000568,2026-05-12T21:54:28,,pending,33243,demo-v1.1
R000097,O000579,2026-04-20T18:49:12,,pending,800077,demo-v1.1
R000098,O000582,2026-09-04T05:53:42,2026-09-05T11:53:42,success,544723,demo-v1.1
R000099,O000584,2026-01-26T18:46:44,2026-01-26T21:46:44,success,27103,demo-v1.1
R000100,O000589,2026-04-13T06:22:41,2026-04-13T23:22:41,success,285360,demo-v1.1
R000101,O000592,2026-08-29T18:45:50,,failed,453084,demo-v1.1
R000102,O000597,2026-01-09T08:51:15,2026-01-09T21:51:15,success,698653,demo-v1.1
R000103,O000601,2026-06-11T06:26:46,2026-06-13T17:26:46,success,548837,demo-v1.1
R000104,O000602,2026-03-22T17:25:32,,failed,547148,demo-v1.1
R000105,O000602,2026-03-23T06:26:32,2026-03-25T06:26:32,success,15277,demo-v1.1
R000106,O000605,2026-09-25T20:11:50,,pending,123718,demo-v1.1
R000107,O000612,2026-08-13T09:41:45,2026-08-13T17:41:45,success,706232,demo-v1.1
R000108,O000616,2026-08-05T22:59:50,2026-08-06T05:59:50,success,1227279,demo-v1.1
R000109,O000618,2026-09-30T23:59:59,2026-09-30T23:59:59,success,360071,demo-v1.1
R000110,O000620,2026-02-11T16:37:45,2026-02-13T20:37:45,success,665833,demo-v1.1
R000111,O000628,2026-02-08T11:39:48,2026-02-10T06:39:48,success,195766,demo-v1.1
R000112,O000648,2026-05-21T15:04:33,2026-05-21T20:04:33,success,599098,demo-v1.1
R000113,O000653,2026-08-31T16:09:42,2026-08-31T21:09:42,success,462370,demo-v1.1
R000114,O000659,2026-09-19T07:04:42,,pending,351567,demo-v1.1
R000115,O000666,2026-03-02T11:31:23,2026-03-02T17:31:23,success,457995,demo-v1.1
R000116,O000667,2026-05-30T12:00:49,2026-06-01T12:00:49,success,256328,demo-v1.1
R000117,O000669,2026-09-30T23:59:59,2026-09-30T23:59:59,success,862615,demo-v1.1
R000118,O000674,2026-05-13T17:38:34,,failed,991515,demo-v1.1
R000119,O000677,2026-08-05T08:59:18,,failed,1299602,demo-v1.1
R000120,O000689,2026-04-21T21:07:40,2026-04-22T18:07:40,success,610854,demo-v1.1
R000121,O000691,2026-09-05T23:32:50,2026-09-07T13:32:50,success,164713,demo-v1.1
R000122,O000693,2026-02-10T17:19:17,2026-02-13T16:19:17,success,61886,demo-v1.1
R000123,O000705,2026-02-27T14:39:20,2026-02-28T20:39:20,success,1064406,demo-v1.1
R000124,O000708,2026-05-13T13:26:45,2026-05-13T23:26:45,success,699968,demo-v1.1
R000125,O000719,2026-04-12T06:27:41,,failed,112327,demo-v1.1
R000126,O000723,2026-08-25T02:24:26,2026-08-25T21:24:26,success,256532,demo-v1.1
R000127,O000735,2026-08-27T16:22:44,2026-08-27T20:22:44,success,544303,demo-v1.1
R000128,O000741,2026-03-08T09:44:26,2026-03-09T08:44:26,success,1183725,demo-v1.1
R000129,O000744,2026-06-24T12:25:10,2026-06-27T08:25:10,success,30728,demo-v1.1
R000130,O000760,2026-09-30T23:59:59,2026-09-30T23:59:59,success,960945,demo-v1.1
R000131,O000768,2026-01-29T07:05:17,2026-02-01T02:05:17,success,156912,demo-v1.1
R000132,O000778,2026-09-25T05:26:09,2026-09-26T13:26:09,success,131832,demo-v1.1
R000133,O000779,2026-03-07T21:45:04,2026-03-08T05:45:04,success,1668285,demo-v1.1
R000134,O000796,2026-08-10T23:42:25,2026-08-11T15:42:25,success,337383,demo-v1.1
R000135,O000801,2026-08-08T02:38:07,2026-08-10T15:38:07,success,488311,demo-v1.1
R000136,O000801,2026-08-10T15:39:07,2026-08-10T20:39:07,success,307489,demo-v1.1
R000137,O000817,2026-09-30T23:59:59,,pending,498666,demo-v1.1
R000138,O000818,2026-02-21T02:31:59,2026-02-23T22:31:59,success,1550151,demo-v1.1
R000139,O000819,2026-07-29T16:57:35,2026-07-30T21:57:35,success,110032,demo-v1.1
R000140,O000819,2026-07-30T21:58:35,2026-08-01T15:58:35,success,34141,demo-v1.1
R000141,O000823,2026-06-26T01:14:06,2026-06-27T11:14:06,success,251260,demo-v1.1
R000142,O000826,2026-08-08T02:22:05,2026-08-10T18:22:05,success,1178320,demo-v1.1
R000143,O000830,2026-07-26T03:25:49,2026-07-28T13:25:49,success,7352,demo-v1.1
R000144,O000836,2026-02-15T18:02:54,,failed,58051,demo-v1.1
R000145,O000836,2026-02-16T09:03:54,2026-02-17T23:03:54,success,72344,demo-v1.1
R000146,O000854,2026-04-07T23:54:38,,pending,432588,demo-v1.1
R000147,O000859,2026-05-04T19:30:10,2026-05-06T22:30:10,success,801965,demo-v1.1
R000148,O000862,2026-08-24T23:21:55,2026-08-26T18:21:55,success,133144,demo-v1.1
R000149,O000864,2026-07-17T19:02:58,,pending,646489,demo-v1.1
R000150,O000870,2026-04-05T00:37:38,2026-04-06T10:37:38,success,1181371,demo-v1.1
R000151,O000874,2026-07-07T13:57:21,2026-07-10T03:57:21,success,209378,demo-v1.1
R000152,O000877,2026-02-28T04:56:15,2026-03-02T10:56:15,success,56064,demo-v1.1
R000153,O000880,2026-03-04T10:41:35,2026-03-05T20:41:35,success,572042,demo-v1.1
R000154,O000882,2026-09-09T20:05:42,2026-09-10T01:05:42,success,12950,demo-v1.1
R000155,O000888,2026-02-14T23:23:40,2026-02-15T04:23:40,success,114413,demo-v1.1
R000156,O000889,2026-06-18T06:07:41,2026-06-20T23:07:41,success,288919,demo-v1.1
R000157,O000891,2026-09-10T19:42:19,2026-09-11T20:42:19,success,480534,demo-v1.1
R000158,O000894,2026-09-08T03:30:18,2026-09-09T09:30:18,success,280560,demo-v1.1
R000159,O000900,2026-08-03T05:07:45,2026-08-05T01:07:45,success,882991,demo-v1.1
R000160,O000913,2026-05-08T00:17:02,2026-05-10T01:17:02,success,160745,demo-v1.1
R000161,O000914,2026-04-08T20:05:09,2026-04-10T12:05:09,success,855234,demo-v1.1
R000162,O000915,2026-01-14T21:42:26,,pending,340551,demo-v1.1
R000163,O000918,2026-08-04T10:53:13,2026-08-04T17:53:13,success,1225878,demo-v1.1
R000164,O000948,2026-01-31T00:53:32,2026-02-01T13:53:32,success,663734,demo-v1.1
R000165,O000953,2026-01-27T18:02:28,2026-01-30T18:02:28,success,98233,demo-v1.1
R000166,O000962,2026-02-07T05:35:41,2026-02-10T00:35:41,success,215849,demo-v1.1
R000167,O000974,2026-09-30T23:59:59,,failed,735136,demo-v1.1
R000168,O000975,2026-06-04T08:04:03,2026-06-05T03:04:03,success,468620,demo-v1.1
R000169,O000975,2026-06-05T03:05:03,,pending,228975,demo-v1.1
R000170,O000980,2026-01-18T09:51:56,2026-01-20T05:51:56,success,205675,demo-v1.1
R000171,O000980,2026-01-20T05:52:56,2026-01-22T03:52:56,success,63645,demo-v1.1
R000172,O000992,2026-08-22T21:25:23,2026-08-25T01:25:23,success,252521,demo-v1.1
R000173,O001022,2026-08-20T06:47:53,2026-08-22T16:47:53,success,349115,demo-v1.1
R000174,O001038,2026-01-26T04:10:14,2026-01-28T02:10:14,success,141141,demo-v1.1
R000175,O001042,2026-05-31T13:11:05,2026-06-02T00:11:05,success,1391699,demo-v1.1
R000176,O001050,2026-01-29T12:55:04,2026-01-30T04:55:04,success,213372,demo-v1.1
R000177,O001063,2026-08-20T17:02:19,,failed,1224565,demo-v1.1
R000178,O001075,2026-02-08T09:45:09,2026-02-09T14:45:09,success,1408917,demo-v1.1
R000179,O001094,2026-07-15T19:26:44,2026-07-18T02:26:44,success,120701,demo-v1.1
R000180,O001102,2026-05-21T18:06:05,2026-05-23T02:06:05,success,354609,demo-v1.1
R000181,O001102,2026-05-23T02:07:05,2026-05-24T01:07:05,success,50031,demo-v1.1
R000182,O001104,2026-08-30T18:13:32,2026-08-31T18:13:32,success,711756,demo-v1.1
R000183,O001138,2026-06-26T06:11:30,2026-06-28T06:11:30,success,61244,demo-v1.1
R000184,O001145,2026-06-28T15:31:11,2026-06-30T13:31:11,success,32032,demo-v1.1
R000185,O001148,2026-05-05T22:44:21,2026-05-07T20:44:21,success,624107,demo-v1.1
R000186,O001155,2026-05-02T02:30:42,2026-05-03T15:30:42,success,205070,demo-v1.1
R000187,O001162,2026-05-23T12:20:45,,failed,569710,demo-v1.1
R000188,O001167,2026-05-22T11:09:21,2026-05-23T05:09:21,success,154460,demo-v1.1
R000189,O001167,2026-05-23T05:10:21,2026-05-23T22:10:21,success,454169,demo-v1.1
R000190,O001172,2026-04-28T11:58:17,,failed,96656,demo-v1.1
R000191,O001181,2026-09-15T11:55:22,2026-09-18T00:55:22,success,26438,demo-v1.1
R000192,O001181,2026-09-18T00:56:22,2026-09-20T11:56:22,success,24222,demo-v1.1
R000193,O001184,2026-02-23T08:58:15,2026-02-23T22:58:15,success,221188,demo-v1.1
R000194,O001186,2026-06-14T05:09:01,2026-06-14T17:09:01,success,36568,demo-v1.1
R000195,O001188,2026-07-20T08:00:11,2026-07-23T06:00:11,success,1097475,demo-v1.1
R000196,O001192,2026-06-03T09:41:29,2026-06-06T08:41:29,success,1016366,demo-v1.1
R000197,O001195,2026-03-28T05:08:27,,pending,900799,demo-v1.1
R000198,O001217,2026-05-27T06:11:26,2026-05-28T19:11:26,success,130865,demo-v1.1
R000199,O001224,2026-03-21T04:35:56,2026-03-22T03:35:56,success,104133,demo-v1.1
R000200,O001224,2026-03-22T03:36:56,2026-03-22T12:36:56,success,269465,demo-v1.1
R000201,O001230,2026-03-29T05:05:07,2026-03-31T20:05:07,success,181196,demo-v1.1
R000202,O001233,2026-05-13T19:38:43,,pending,357715,demo-v1.1
R000203,O001236,2026-09-02T15:11:53,2026-09-04T03:11:53,success,399772,demo-v1.1
R000204,O001248,2026-04-02T03:14:17,2026-04-05T00:14:17,success,326345,demo-v1.1
R000205,O001255,2026-08-30T16:47:20,,pending,57221,demo-v1.1
R000206,O001257,2026-07-02T10:30:59,2026-07-02T12:30:59,success,629406,demo-v1.1
R000207,O001263,2026-02-16T15:52:05,,pending,88194,demo-v1.1
R000208,O001275,2026-02-20T23:04:25,2026-02-23T22:04:25,success,457476,demo-v1.1
R000209,O001284,2026-07-27T05:50:02,2026-07-27T20:50:02,success,84533,demo-v1.1
R000210,O001284,2026-07-27T20:51:02,2026-07-30T11:51:02,success,687886,demo-v1.1
R000211,O001328,2026-09-08T01:11:43,2026-09-08T12:11:43,success,173863,demo-v1.1
R000212,O001333,2026-05-14T15:44:32,2026-05-16T14:44:32,success,29875,demo-v1.1
R000213,O001333,2026-05-16T14:45:32,2026-05-18T00:45:32,success,288822,demo-v1.1
R000214,O001343,2026-03-21T08:26:13,2026-03-23T21:26:13,success,13810,demo-v1.1
R000215,O001343,2026-03-23T21:27:13,2026-03-24T09:27:13,success,26016,demo-v1.1
R000216,O001357,2026-09-21T23:08:46,,pending,127458,demo-v1.1
R000217,O001360,2026-04-05T04:40:51,2026-04-07T07:40:51,success,1144840,demo-v1.1
R000218,O001367,2026-06-23T21:14:50,2026-06-24T11:14:50,success,811718,demo-v1.1
R000219,O001372,2026-08-28T11:20:33,2026-08-29T19:20:33,success,61614,demo-v1.1
R000220,O001384,2026-05-06T04:07:51,2026-05-07T09:07:51,success,511190,demo-v1.1
R000221,O001385,2026-07-01T17:48:32,2026-07-03T20:48:32,success,1174211,demo-v1.1
R000222,O001385,2026-07-03T20:49:32,2026-07-05T09:49:32,success,7142,demo-v1.1
R000223,O001389,2026-02-01T06:11:46,2026-02-02T08:11:46,success,861768,demo-v1.1
R000224,O001397,2026-09-30T23:59:59,2026-09-30T23:59:59,success,514933,demo-v1.1
R000225,O001403,2026-09-06T05:30:20,2026-09-06T18:30:20,success,419844,demo-v1.1
R000226,O001405,2026-03-24T04:55:02,2026-03-25T23:55:02,success,348714,demo-v1.1
R000227,O001405,2026-03-25T23:56:02,2026-03-28T03:56:02,success,436608,demo-v1.1
R000228,O001406,2026-03-03T17:47:04,2026-03-05T09:47:04,success,3802,demo-v1.1
R000229,O001410,2026-06-11T06:18:08,2026-06-12T18:18:08,success,746104,demo-v1.1
R000230,O001426,2026-03-26T06:12:19,2026-03-26T15:12:19,success,35674,demo-v1.1
R000231,O001428,2026-04-06T09:35:19,2026-04-07T15:35:19,success,810696,demo-v1.1
R000232,O001455,2026-05-09T02:11:46,2026-05-11T19:11:46,success,555897,demo-v1.1
R000233,O001467,2026-08-18T02:34:42,2026-08-19T18:34:42,success,529383,demo-v1.1
R000234,O001469,2026-08-05T13:08:41,2026-08-08T10:08:41,success,496267,demo-v1.1
R000235,O001479,2026-05-20T18:23:09,2026-05-21T10:23:09,success,693942,demo-v1.1
R000236,O001480,2026-06-18T03:56:29,2026-06-18T14:56:29,success,1105854,demo-v1.1
R000237,O001500,2026-05-10T01:32:49,,pending,179413,demo-v1.1
R000238,O001502,2026-07-21T23:11:22,2026-07-24T17:11:22,success,258979,demo-v1.1
R000239,O001506,2026-09-20T09:44:23,2026-09-20T21:44:23,success,160770,demo-v1.1
R000240,O001506,2026-09-20T21:45:23,2026-09-23T04:45:23,success,304669,demo-v1.1
R000241,O001507,2026-08-08T14:32:54,2026-08-08T19:32:54,success,70233,demo-v1.1
R000242,O001514,2026-07-01T21:55:56,2026-07-04T10:55:56,success,395619,demo-v1.1
R000243,O001514,2026-07-04T10:56:56,2026-07-05T17:56:56,success,406261,demo-v1.1
R000244,O001530,2026-07-21T06:50:41,2026-07-23T17:50:41,success,713236,demo-v1.1
R000245,O001534,2026-04-23T08:12:51,2026-04-24T01:12:51,success,245230,demo-v1.1
R000246,O001534,2026-04-24T01:13:51,2026-04-27T01:13:51,success,506428,demo-v1.1
R000247,O001537,2026-07-07T12:07:02,2026-07-07T14:07:02,success,18517,demo-v1.1
R000248,O001543,2026-08-03T17:38:41,2026-08-04T14:38:41,success,796635,demo-v1.1
R000249,O001557,2026-04-03T01:27:05,2026-04-04T08:27:05,success,692460,demo-v1.1
R000250,O001566,2026-06-30T11:28:38,2026-07-02T09:28:38,success,59644,demo-v1.1
R000251,O001567,2026-03-03T15:50:58,2026-03-04T05:50:58,success,1027817,demo-v1.1
R000252,O001567,2026-03-04T05:51:58,2026-03-05T10:51:58,success,77782,demo-v1.1
R000253,O001574,2026-02-26T13:37:39,,pending,32781,demo-v1.1
R000254,O001576,2026-04-14T18:30:09,2026-04-16T13:30:09,success,352675,demo-v1.1
R000255,O001579,2026-04-27T07:23:35,2026-04-29T22:23:35,success,561488,demo-v1.1
R000256,O001584,2026-01-09T01:13:22,2026-01-09T07:13:22,success,1374484,demo-v1.1
R000257,O001586,2026-03-16T05:53:55,2026-03-17T14:53:55,success,1462274,demo-v1.1
R000258,O001595,2026-08-01T02:06:44,2026-08-03T04:06:44,success,1383518,demo-v1.1
R000259,O001607,2026-02-16T11:48:04,2026-02-19T09:48:04,success,473814,demo-v1.1
R000260,O001611,2026-09-17T07:24:47,2026-09-19T14:24:47,success,1154785,demo-v1.1
R000261,O001617,2026-05-16T01:06:35,2026-05-18T21:06:35,success,873216,demo-v1.1
R000262,O001619,2026-06-14T20:35:48,2026-06-15T14:35:48,success,6139,demo-v1.1
R000263,O001619,2026-06-15T14:36:48,2026-06-16T03:36:48,success,2230,demo-v1.1
R000264,O001623,2026-02-08T13:32:39,2026-02-11T09:32:39,success,88847,demo-v1.1
R000265,O001653,2026-09-09T08:27:52,,pending,228040,demo-v1.1
R000266,O001660,2026-07-05T12:15:49,2026-07-07T16:15:49,success,731228,demo-v1.1
R000267,O001668,2026-02-19T17:42:08,2026-02-20T20:42:08,success,199852,demo-v1.1
R000268,O001677,2026-04-28T06:33:40,2026-04-30T05:33:40,success,198832,demo-v1.1
R000269,O001678,2026-07-06T22:53:51,,pending,16669,demo-v1.1
R000270,O001678,2026-07-09T10:54:51,2026-07-12T08:54:51,success,1539,demo-v1.1
R000271,O001680,2026-07-05T21:14:08,2026-07-08T00:14:08,success,280874,demo-v1.1
R000272,O001688,2026-01-28T15:18:28,2026-01-31T00:18:28,success,392,demo-v1.1
R000273,O001689,2026-07-13T14:49:28,2026-07-15T09:49:28,success,679861,demo-v1.1
R000274,O001691,2026-09-06T01:55:25,2026-09-07T12:55:25,success,433823,demo-v1.1
R000275,O001694,2026-02-11T03:55:32,,pending,610398,demo-v1.1
R000276,O001704,2026-01-25T09:55:09,2026-01-27T13:55:09,success,364920,demo-v1.1
R000277,O001710,2026-07-04T04:44:21,2026-07-06T06:44:21,success,585605,demo-v1.1
R000278,O001714,2026-03-24T21:50:43,2026-03-25T00:50:43,success,276954,demo-v1.1
R000279,O001714,2026-03-25T00:51:43,2026-03-25T11:51:43,success,291642,demo-v1.1
R000280,O001718,2026-02-12T12:50:59,,failed,652980,demo-v1.1
R000281,O001718,2026-02-15T00:51:59,2026-02-15T20:51:59,success,502048,demo-v1.1
R000282,O001721,2026-09-30T23:59:59,2026-09-30T23:59:59,success,13634,demo-v1.1
R000283,O001727,2026-05-15T18:08:53,2026-05-16T18:08:53,success,402989,demo-v1.1
R000284,O001727,2026-05-16T18:09:53,2026-05-17T17:09:53,success,209999,demo-v1.1
R000285,O001735,2026-04-09T19:42:26,2026-04-10T01:42:26,success,57716,demo-v1.1
R000286,O001737,2026-06-09T22:46:48,2026-06-11T15:46:48,success,1040698,demo-v1.1
R000287,O001745,2026-04-15T01:11:38,2026-04-17T13:11:38,success,3195,demo-v1.1
R000288,O001745,2026-04-17T13:12:38,2026-04-20T03:12:38,success,4902,demo-v1.1
R000289,O001750,2026-09-29T16:24:20,2026-09-29T18:24:20,success,92387,demo-v1.1
R000290,O001751,2026-06-28T20:17:54,,pending,84973,demo-v1.1
R000291,O001752,2026-07-14T19:28:57,2026-07-16T06:28:57,success,365718,demo-v1.1
R000292,O001756,2026-06-16T14:07:19,2026-06-18T09:07:19,success,1237871,demo-v1.1
R000293,O001757,2026-01-10T17:32:07,2026-01-12T16:32:07,success,446416,demo-v1.1
R000294,O001758,2026-08-20T17:53:21,2026-08-21T13:53:21,success,6899,demo-v1.1
R000295,O001758,2026-08-21T13:54:21,2026-08-22T20:54:21,success,739655,demo-v1.1
R000296,O001759,2026-09-02T17:56:18,2026-09-03T08:56:18,success,279117,demo-v1.1
R000297,O001764,2026-09-24T07:58:38,2026-09-26T05:58:38,success,3416,demo-v1.1
R000298,O001764,2026-09-26T05:59:38,,failed,20096,demo-v1.1
R000299,O001768,2026-07-31T12:55:29,2026-08-01T03:55:29,success,422813,demo-v1.1
R000300,O001776,2026-07-11T04:39:51,2026-07-12T23:39:51,success,678422,demo-v1.1
R000301,O001805,2026-01-29T19:37:16,2026-01-29T21:37:16,success,490117,demo-v1.1
R000302,O001815,2026-01-26T10:01:19,2026-01-28T16:01:19,success,30708,demo-v1.1
R000303,O001826,2026-06-26T09:40:27,2026-06-28T01:40:27,success,334231,demo-v1.1
R000304,O001831,2026-09-20T06:28:28,2026-09-20T11:28:28,success,104360,demo-v1.1
R000305,O001835,2026-03-13T14:25:56,2026-03-15T02:25:56,success,91365,demo-v1.1
R000306,O001836,2026-02-05T18:53:58,2026-02-06T08:53:58,success,249069,demo-v1.1
R000307,O001852,2026-04-10T13:56:59,2026-04-12T00:56:59,success,13217,demo-v1.1
R000308,O001852,2026-04-12T00:57:59,2026-04-14T12:57:59,success,34527,demo-v1.1
R000309,O001854,2026-04-26T04:39:55,2026-04-28T02:39:55,success,1166693,demo-v1.1
R000310,O001858,2026-04-19T18:10:32,,failed,54608,demo-v1.1
R000311,O001861,2026-04-04T16:41:34,2026-04-05T00:41:34,success,462794,demo-v1.1
R000312,O001862,2026-07-20T05:17:26,2026-07-20T21:17:26,success,71785,demo-v1.1
R000313,O001867,2026-08-02T18:11:47,2026-08-03T16:11:47,success,1310379,demo-v1.1
R000314,O001869,2026-07-16T21:01:55,2026-07-19T07:01:55,success,13204,demo-v1.1
R000315,O001876,2026-06-11T13:52:59,2026-06-14T03:52:59,success,120785,demo-v1.1
R000316,O001893,2026-03-16T02:47:07,2026-03-19T02:47:07,success,110424,demo-v1.1
R000317,O001896,2026-04-09T09:01:26,,failed,827925,demo-v1.1
R000318,O001900,2026-08-27T06:21:00,2026-08-29T22:21:00,success,347867,demo-v1.1
R000319,O001903,2026-02-17T13:19:21,,pending,170952,demo-v1.1
R000320,O001906,2026-03-17T16:38:05,2026-03-18T16:38:05,success,172638,demo-v1.1
R000321,O001907,2026-07-08T20:01:33,2026-07-09T10:01:33,success,399998,demo-v1.1
R000322,O001912,2026-03-19T01:16:41,2026-03-21T11:16:41,success,272714,demo-v1.1
R000323,O001913,2026-04-17T05:00:16,,failed,2428,demo-v1.1
R000324,O001914,2026-07-13T02:57:03,,failed,797984,demo-v1.1
R000325,O001916,2026-08-11T12:01:21,2026-08-14T07:01:21,success,528945,demo-v1.1
R000326,O001918,2026-01-19T15:11:37,2026-01-21T01:11:37,success,872825,demo-v1.1
R000327,O001919,2026-03-25T03:47:24,2026-03-28T03:47:24,success,70362,demo-v1.1
R000328,O001923,2026-02-13T15:17:22,2026-02-15T23:17:22,success,667655,demo-v1.1
R000329,O001934,2026-04-26T08:50:25,2026-04-28T02:50:25,success,30603,demo-v1.1
R000330,O001934,2026-04-28T02:51:25,2026-04-30T04:51:25,success,96519,demo-v1.1
R000331,O001935,2026-09-30T23:59:59,,failed,116431,demo-v1.1
R000332,O001943,2026-06-24T06:22:33,2026-06-25T05:22:33,success,1471110,demo-v1.1
R000333,O001951,2026-07-05T04:28:06,,pending,466977,demo-v1.1
R000334,O001976,2026-04-29T22:23:12,2026-05-02T12:23:12,success,1787101,demo-v1.1
R000335,O001983,2026-06-18T01:55:24,2026-06-18T23:55:24,success,430959,demo-v1.1
R000336,O002002,2026-02-02T04:55:14,2026-02-03T06:55:14,success,1176897,demo-v1.1
R000337,O002010,2026-02-16T03:34:46,2026-02-16T23:34:46,success,33435,demo-v1.1
R000338,O002010,2026-02-16T23:35:46,2026-02-19T07:35:46,success,13981,demo-v1.1
R000339,O002020,2026-05-10T20:44:20,2026-05-13T13:44:20,success,407356,demo-v1.1
R000340,O002040,2026-04-28T15:00:38,2026-04-30T19:00:38,success,1146105,demo-v1.1
R000341,O002047,2026-07-15T04:14:46,2026-07-17T22:14:46,success,773097,demo-v1.1
R000342,O002054,2026-06-21T20:24:06,2026-06-24T10:24:06,success,223590,demo-v1.1
R000343,O002077,2026-03-25T10:49:27,2026-03-27T20:49:27,success,605497,demo-v1.1
R000344,O002103,2026-06-20T13:49:41,2026-06-21T03:49:41,success,566482,demo-v1.1
R000345,O002110,2026-03-09T10:03:40,2026-03-10T02:03:40,success,53325,demo-v1.1
R000346,O002129,2026-04-20T21:31:27,2026-04-23T16:31:27,success,973530,demo-v1.1
R000347,O002129,2026-04-23T16:32:27,2026-04-24T05:32:27,success,293943,demo-v1.1
R000348,O002134,2026-06-15T04:33:04,2026-06-18T04:33:04,success,5441,demo-v1.1
R000349,O002134,2026-06-18T04:34:04,2026-06-18T22:34:04,success,52875,demo-v1.1
R000350,O002135,2026-02-05T19:30:35,2026-02-06T03:30:35,success,115561,demo-v1.1
R000351,O002140,2026-01-20T02:39:02,2026-01-20T14:39:02,success,212298,demo-v1.1
R000352,O002154,2026-02-16T23:13:48,2026-02-17T18:13:48,success,1152783,demo-v1.1
R000353,O002154,2026-02-17T18:14:48,2026-02-18T04:14:48,success,4679,demo-v1.1
R000354,O002175,2026-07-25T03:35:41,2026-07-28T03:35:41,success,249785,demo-v1.1
R000355,O002176,2026-07-10T03:09:11,2026-07-11T22:09:11,success,483183,demo-v1.1
R000356,O002178,2026-03-12T01:22:04,,pending,59625,demo-v1.1
R000357,O002178,2026-03-12T07:23:04,2026-03-13T18:23:04,success,451341,demo-v1.1
R000358,O002180,2026-07-07T17:10:40,2026-07-08T05:10:40,success,408168,demo-v1.1
R000359,O002186,2026-07-13T21:20:23,2026-07-15T00:20:23,success,350711,demo-v1.1
R000360,O002189,2026-02-24T03:44:41,,failed,1680700,demo-v1.1
R000361,O002190,2026-03-16T19:06:03,2026-03-18T20:06:03,success,1119393,demo-v1.1
R000362,O002197,2026-04-24T19:20:17,2026-04-26T16:20:17,success,180653,demo-v1.1
R000363,O002198,2026-04-30T16:08:57,2026-05-01T17:08:57,success,107746,demo-v1.1
R000364,O002209,2026-09-22T06:14:39,2026-09-23T09:14:39,success,300718,demo-v1.1
R000365,O002220,2026-08-19T10:04:59,2026-08-20T01:04:59,success,498065,demo-v1.1
R000366,O002221,2026-02-12T01:31:25,2026-02-12T20:31:25,success,42756,demo-v1.1
R000367,O002233,2026-09-30T23:59:59,2026-09-30T23:59:59,success,1512518,demo-v1.1
R000368,O002237,2026-05-24T02:11:43,2026-05-25T22:11:43,success,665491,demo-v1.1
R000369,O002238,2026-01-28T23:06:22,2026-01-31T01:06:22,success,19469,demo-v1.1
R000370,O002245,2026-04-09T21:47:55,2026-04-11T04:47:55,success,537295,demo-v1.1
R000371,O002251,2026-04-18T22:14:30,2026-04-19T01:14:30,success,560759,demo-v1.1
R000372,O002254,2026-06-25T09:12:59,2026-06-26T23:12:59,success,322298,demo-v1.1
R000373,O002255,2026-03-26T15:59:47,2026-03-28T23:59:47,success,76210,demo-v1.1
R000374,O002258,2026-09-30T23:59:59,2026-09-30T23:59:59,success,25502,demo-v1.1
R000375,O002275,2026-04-30T18:01:30,2026-05-03T17:01:30,success,932384,demo-v1.1
R000376,O002281,2026-03-15T12:59:57,,failed,857541,demo-v1.1
R000377,O002286,2026-04-25T17:06:28,2026-04-27T08:06:28,success,554897,demo-v1.1
R000378,O002290,2026-09-15T10:35:46,2026-09-17T09:35:46,success,653549,demo-v1.1
R000379,O002291,2026-08-03T05:58:07,2026-08-05T05:58:07,success,739080,demo-v1.1
R000380,O002304,2026-05-17T16:28:41,2026-05-20T16:28:41,success,582389,demo-v1.1
R000381,O002315,2026-09-23T19:20:24,2026-09-25T19:20:24,success,948245,demo-v1.1
R000382,O002334,2026-08-23T15:51:34,2026-08-24T18:51:34,success,27165,demo-v1.1
R000383,O002343,2026-06-08T14:17:39,2026-06-08T23:17:39,success,164415,demo-v1.1
R000384,O002354,2026-01-07T13:15:03,2026-01-10T09:15:03,success,556494,demo-v1.1
R000385,O002370,2026-06-17T23:25:34,,failed,51270,demo-v1.1
R000386,O002373,2026-09-22T14:31:19,2026-09-23T13:31:19,success,356703,demo-v1.1
R000387,O002376,2026-07-31T16:26:46,2026-08-02T04:26:46,success,342253,demo-v1.1
R000388,O002377,2026-09-08T06:21:57,2026-09-09T05:21:57,success,161567,demo-v1.1
R000389,O002378,2026-03-06T15:43:16,2026-03-07T03:43:16,success,335134,demo-v1.1
R000390,O002382,2026-09-02T22:12:18,,failed,353457,demo-v1.1
R000391,O002382,2026-09-03T06:13:18,,pending,221728,demo-v1.1
R000392,O002383,2026-08-02T00:45:55,2026-08-04T18:45:55,success,114887,demo-v1.1
R000393,O002391,2026-08-27T03:43:09,2026-08-29T23:43:09,success,16018,demo-v1.1
R000394,O002397,2026-07-22T02:35:54,2026-07-23T07:35:54,success,905323,demo-v1.1
R000395,O002407,2026-09-16T18:36:23,2026-09-17T16:36:23,success,1005983,demo-v1.1
R000396,O002410,2026-03-04T04:00:37,,pending,273081,demo-v1.1
R000397,O002413,2026-08-03T10:14:52,2026-08-05T19:14:52,success,507744,demo-v1.1
R000398,O002415,2026-05-06T10:47:37,,pending,343381,demo-v1.1
R000399,O002437,2026-01-29T14:12:16,2026-02-01T01:12:16,success,80221,demo-v1.1
R000400,O002444,2026-01-19T23:57:17,2026-01-22T17:57:17,success,124991,demo-v1.1
R000401,O002444,2026-01-22T17:58:17,2026-01-25T17:58:17,success,52533,demo-v1.1
R000402,O002462,2026-02-22T16:51:21,2026-02-23T19:51:21,success,172135,demo-v1.1
R000403,O002465,2026-03-23T17:05:25,2026-03-24T11:05:25,success,150958,demo-v1.1
R000404,O002473,2026-05-10T11:43:57,,failed,13329,demo-v1.1
R000405,O002478,2026-02-10T20:38:46,,failed,15212,demo-v1.1
R000406,O002485,2026-05-03T01:30:20,2026-05-04T01:30:20,success,234330,demo-v1.1
R000407,O002488,2026-02-07T14:23:40,2026-02-07T15:23:40,success,9001,demo-v1.1
R000408,O002488,2026-02-07T15:24:40,2026-02-07T23:24:40,success,28218,demo-v1.1
R000409,O002493,2026-02-19T16:08:50,2026-02-22T11:08:50,success,1342709,demo-v1.1
R000410,O002494,2026-03-17T16:41:41,2026-03-19T23:41:41,success,291041,demo-v1.1
R000411,O002502,2026-09-04T15:18:46,2026-09-05T02:18:46,success,403068,demo-v1.1
R000412,O002503,2026-02-15T18:38:13,,pending,90690,demo-v1.1
R000413,O002505,2026-02-11T07:23:48,2026-02-11T10:23:48,success,797436,demo-v1.1
R000414,O002506,2026-04-01T20:18:30,,pending,72512,demo-v1.1
R000415,O002511,2026-01-19T16:49:29,2026-01-22T14:49:29,success,232598,demo-v1.1
R000416,O002519,2026-01-12T17:25:45,2026-01-15T01:25:45,success,14529,demo-v1.1
R000417,O002519,2026-01-15T01:26:45,2026-01-15T21:26:45,success,861,demo-v1.1
R000418,O002522,2026-06-06T15:41:02,,pending,62821,demo-v1.1
R000419,O002522,2026-06-06T17:42:02,2026-06-08T21:42:02,success,450450,demo-v1.1
R000420,O002525,2026-05-16T06:25:10,2026-05-16T11:25:10,success,533786,demo-v1.1
R000421,O002536,2026-07-16T19:33:48,2026-07-17T07:33:48,success,224128,demo-v1.1
R000422,O002554,2026-06-03T15:14:04,2026-06-04T16:14:04,success,69813,demo-v1.1
R000423,O002556,2026-09-12T22:35:29,2026-09-14T01:35:29,success,360436,demo-v1.1
R000424,O002558,2026-07-06T01:46:57,2026-07-07T04:46:57,success,107127,demo-v1.1
R000425,O002577,2026-02-03T14:54:55,,pending,89179,demo-v1.1
R000426,O002586,2026-03-16T21:47:09,,failed,576942,demo-v1.1
R000427,O002599,2026-02-05T09:43:00,2026-02-06T13:43:00,success,153534,demo-v1.1
R000428,O002599,2026-02-06T13:44:00,,pending,189922,demo-v1.1
R000429,O002601,2026-04-02T19:49:42,,pending,12328,demo-v1.1
R000430,O002602,2026-04-29T21:24:50,2026-05-02T20:24:50,success,712858,demo-v1.1
R000431,O002604,2026-09-04T01:00:19,2026-09-05T16:00:19,success,75071,demo-v1.1
R000432,O002609,2026-05-26T04:15:04,2026-05-29T01:15:04,success,656250,demo-v1.1
R000433,O002612,2026-05-01T17:47:58,2026-05-03T02:47:58,success,352761,demo-v1.1
R000434,O002614,2026-08-01T01:41:04,2026-08-02T06:41:04,success,242107,demo-v1.1
R000435,O002645,2026-09-30T23:59:59,2026-09-30T23:59:59,success,74357,demo-v1.1
R000436,O002674,2026-09-30T23:59:59,2026-09-30T23:59:59,success,147427,demo-v1.1
R000437,O002681,2026-07-15T13:36:42,2026-07-15T19:36:42,success,121847,demo-v1.1
R000438,O002684,2026-07-09T18:08:03,2026-07-09T22:08:03,success,71446,demo-v1.1
R000439,O002686,2026-05-06T00:20:24,2026-05-06T09:20:24,success,78723,demo-v1.1
R000440,O002690,2026-08-20T16:55:06,2026-08-21T12:55:06,success,1328237,demo-v1.1
R000441,O002693,2026-09-25T08:40:29,2026-09-28T02:40:29,success,41079,demo-v1.1
R000442,O002696,2026-03-26T17:36:51,2026-03-29T09:36:51,success,237447,demo-v1.1
R000443,O002704,2026-08-15T14:59:26,2026-08-16T12:59:26,success,766109,demo-v1.1
R000444,O002707,2026-01-24T15:30:53,2026-01-26T18:30:53,success,31586,demo-v1.1
R000445,O002721,2026-01-19T03:30:28,2026-01-20T05:30:28,success,485322,demo-v1.1
R000446,O002722,2026-07-11T04:21:42,,failed,448475,demo-v1.1
R000447,O002723,2026-09-30T23:59:59,2026-09-30T23:59:59,success,279464,demo-v1.1
R000448,O002729,2026-06-20T07:11:34,2026-06-20T23:11:34,success,10773,demo-v1.1
R000449,O002739,2026-04-20T02:51:03,,failed,336717,demo-v1.1
R000450,O002757,2026-09-15T06:36:50,2026-09-16T08:36:50,success,1061680,demo-v1.1
R000451,O002770,2026-08-08T11:09:52,2026-08-08T14:09:52,success,750733,demo-v1.1
R000452,O002788,2026-06-28T15:23:04,2026-06-29T18:23:04,success,715404,demo-v1.1
R000453,O002790,2026-05-05T14:49:30,2026-05-06T14:49:30,success,588390,demo-v1.1
R000454,O002790,2026-05-06T14:50:30,2026-05-06T15:50:30,success,734988,demo-v1.1
R000455,O002791,2026-04-24T23:16:47,2026-04-27T01:16:47,success,1177922,demo-v1.1
R000456,O002792,2026-03-25T15:20:39,2026-03-27T18:20:39,success,786249,demo-v1.1
R000457,O002793,2026-06-16T13:32:00,2026-06-18T00:32:00,success,184669,demo-v1.1
R000458,O002796,2026-07-02T09:41:50,2026-07-04T14:41:50,success,720834,demo-v1.1
R000459,O002797,2026-03-04T19:49:16,,pending,237133,demo-v1.1
R000460,O002799,2026-06-09T08:30:28,2026-06-10T19:30:28,success,114387,demo-v1.1
R000461,O002808,2026-02-18T11:06:02,2026-02-19T09:06:02,success,3846,demo-v1.1
R000462,O002813,2026-03-02T11:10:45,2026-03-03T17:10:45,success,1318456,demo-v1.1
R000463,O002814,2026-05-01T23:25:49,2026-05-02T19:25:49,success,840683,demo-v1.1
R000464,O002819,2026-09-30T23:59:59,2026-09-30T23:59:59,success,134898,demo-v1.1
R000465,O002824,2026-05-04T09:17:13,,pending,105969,demo-v1.1
R000466,O002836,2026-08-03T21:46:27,2026-08-05T19:46:27,success,111142,demo-v1.1
R000467,O002838,2026-05-10T17:06:06,2026-05-12T14:06:06,success,413568,demo-v1.1
R000468,O002850,2026-02-01T22:55:13,2026-02-04T02:55:13,success,482887,demo-v1.1
R000469,O002855,2026-08-18T02:49:44,2026-08-20T18:49:44,success,158648,demo-v1.1
R000470,O002861,2026-02-18T06:38:33,2026-02-18T16:38:33,success,174939,demo-v1.1
R000471,O002882,2026-03-05T20:58:23,2026-03-08T19:58:23,success,74620,demo-v1.1
R000472,O002888,2026-05-11T13:31:01,,pending,391610,demo-v1.1
R000473,O002888,2026-05-14T03:32:01,2026-05-15T12:32:01,success,336826,demo-v1.1
R000474,O002889,2026-06-24T06:14:41,2026-06-24T18:14:41,success,501814,demo-v1.1
R000475,O002892,2026-07-14T01:14:55,2026-07-14T18:14:55,success,889633,demo-v1.1
R000476,O002904,2026-01-28T22:15:46,2026-01-30T15:15:46,success,515582,demo-v1.1
R000477,O002907,2026-07-02T04:42:27,2026-07-04T08:42:27,success,32433,demo-v1.1
R000478,O002912,2026-07-19T14:54:07,,failed,133674,demo-v1.1
R000479,O002913,2026-08-15T22:40:29,2026-08-16T09:40:29,success,1323786,demo-v1.1
R000480,O002921,2026-08-18T17:16:08,2026-08-20T14:16:08,success,181724,demo-v1.1
R000481,O002922,2026-02-27T10:59:37,2026-02-28T19:59:37,success,1206775,demo-v1.1
R000482,O002927,2026-06-25T18:57:04,2026-06-28T01:57:04,success,955,demo-v1.1
R000483,O002931,2026-08-05T00:23:19,2026-08-05T08:23:19,success,364764,demo-v1.1
R000484,O002977,2026-05-30T11:57:03,2026-05-30T17:57:03,success,206945,demo-v1.1
R000485,O002980,2026-03-23T05:57:58,2026-03-23T06:57:58,success,663372,demo-v1.1
R000486,O002981,2026-03-09T11:36:01,,failed,126066,demo-v1.1
R000487,O002984,2026-09-11T08:56:09,2026-09-12T17:56:09,success,109493,demo-v1.1
R000488,O002988,2026-01-19T02:50:48,2026-01-20T06:50:48,success,64404,demo-v1.1
R000489,O003009,2026-01-31T02:24:42,2026-02-02T16:24:42,success,98011,demo-v1.1
R000490,O003011,2026-05-30T05:45:00,2026-06-01T16:45:00,success,749049,demo-v1.1
R000491,O003022,2026-04-21T09:19:49,2026-04-22T01:19:49,success,148282,demo-v1.1
R000492,O003026,2026-09-23T04:33:50,2026-09-25T19:33:50,success,146253,demo-v1.1
R000493,O003028,2026-09-17T07:07:04,2026-09-18T14:07:04,success,362343,demo-v1.1
R000494,O003034,2026-09-30T23:59:59,2026-09-30T23:59:59,success,619965,demo-v1.1
R000495,O003036,2026-01-09T08:24:15,2026-01-11T02:24:15,success,566212,demo-v1.1
R000496,O003036,2026-01-11T02:25:15,2026-01-11T23:25:15,success,289175,demo-v1.1
R000497,O003042,2026-05-29T18:17:16,2026-05-30T03:17:16,success,590272,demo-v1.1
R000498,O003051,2026-05-16T07:48:33,,failed,405271,demo-v1.1
R000499,O003055,2026-09-17T00:05:06,2026-09-18T04:05:06,success,775732,demo-v1.1
R000500,O003057,2026-01-14T20:47:28,2026-01-15T21:47:28,success,547332,demo-v1.1
R000501,O003061,2026-07-14T21:08:52,2026-07-16T08:08:52,success,923841,demo-v1.1
R000502,O003077,2026-05-09T05:07:17,2026-05-12T04:07:17,success,278641,demo-v1.1
R000503,O003083,2026-08-27T12:27:11,2026-08-30T05:27:11,success,393826,demo-v1.1
R000504,O003095,2026-03-17T09:09:50,,pending,1837148,demo-v1.1
R000505,O003096,2026-09-04T08:54:09,,failed,843085,demo-v1.1
R000506,O003097,2026-05-14T10:15:13,2026-05-16T11:15:13,success,1380427,demo-v1.1
R000507,O003101,2026-09-28T16:14:46,2026-09-30T18:14:46,success,42274,demo-v1.1
R000508,O003101,2026-09-30T18:15:46,2026-09-30T23:59:59,success,29026,demo-v1.1
R000509,O003102,2026-04-23T05:15:08,2026-04-23T11:15:08,success,56390,demo-v1.1
R000510,O003107,2026-07-14T21:56:23,2026-07-15T12:56:23,success,1663279,demo-v1.1
R000511,O003109,2026-07-10T04:39:51,2026-07-10T19:39:51,success,877276,demo-v1.1
R000512,O003118,2026-09-30T23:59:59,2026-09-30T23:59:59,success,1506232,demo-v1.1
R000513,O003120,2026-08-02T13:42:14,2026-08-04T14:42:14,success,5435,demo-v1.1
R000514,O003130,2026-02-20T02:10:18,2026-02-20T09:10:18,success,407781,demo-v1.1
R000515,O003131,2026-05-30T10:09:27,2026-05-31T22:09:27,success,205525,demo-v1.1
R000516,O003132,2026-09-08T14:45:49,2026-09-09T18:45:49,success,284821,demo-v1.1
R000517,O003132,2026-09-09T18:46:49,2026-09-12T03:46:49,success,469638,demo-v1.1
R000518,O003135,2026-01-21T23:17:53,2026-01-23T16:17:53,success,714206,demo-v1.1
R000519,O003137,2026-03-01T14:10:41,2026-03-02T20:10:41,success,19884,demo-v1.1
R000520,O003141,2026-09-30T23:59:59,2026-09-30T23:59:59,success,279051,demo-v1.1
R000521,O003142,2026-04-21T22:55:46,2026-04-23T11:55:46,success,15580,demo-v1.1
R000522,O003155,2026-07-16T04:06:45,,failed,683905,demo-v1.1
R000523,O003160,2026-03-30T17:35:22,2026-04-02T16:35:22,success,11224,demo-v1.1
R000524,O003168,2026-07-15T01:36:25,2026-07-15T20:36:25,success,529683,demo-v1.1
R000525,O003169,2026-05-02T06:55:55,,failed,400172,demo-v1.1
R000526,O003183,2026-03-18T09:12:02,2026-03-21T07:12:02,success,94876,demo-v1.1
R000527,O003186,2026-04-10T21:49:12,2026-04-13T18:49:12,success,493945,demo-v1.1
R000528,O003191,2026-03-28T16:31:19,2026-03-29T01:31:19,success,677480,demo-v1.1
R000529,O003194,2026-06-14T16:55:03,,failed,159036,demo-v1.1
R000530,O003195,2026-09-08T01:11:41,2026-09-08T04:11:41,success,1188219,demo-v1.1
R000531,O003196,2026-08-01T21:08:42,2026-08-04T04:08:42,success,255076,demo-v1.1
R000532,O003197,2026-04-24T09:46:42,2026-04-26T00:46:42,success,710470,demo-v1.1
R000533,O003200,2026-06-24T17:58:17,2026-06-27T11:58:17,success,488210,demo-v1.1
R000534,O003203,2026-02-20T01:57:37,2026-02-20T21:57:37,success,1167835,demo-v1.1
R000535,O003211,2026-07-25T18:13:01,2026-07-27T00:13:01,success,780323,demo-v1.1
R000536,O003212,2026-07-05T12:56:06,2026-07-08T09:56:06,success,598951,demo-v1.1
R000537,O003222,2026-02-07T04:50:25,2026-02-09T21:50:25,success,350163,demo-v1.1
R000538,O003228,2026-09-30T23:59:59,2026-09-30T23:59:59,success,817846,demo-v1.1
R000539,O003241,2026-07-23T10:32:21,2026-07-23T17:32:21,success,36385,demo-v1.1
R000540,O003244,2026-07-16T06:32:50,2026-07-16T11:32:50,success,226812,demo-v1.1
R000541,O003244,2026-07-16T11:33:50,2026-07-17T11:33:50,success,829208,demo-v1.1
R000542,O003250,2026-02-02T17:41:21,2026-02-05T13:41:21,success,1342727,demo-v1.1
R000543,O003263,2026-08-04T11:46:29,2026-08-05T20:46:29,success,283831,demo-v1.1
R000544,O003267,2026-07-26T04:06:24,2026-07-27T12:06:24,success,102573,demo-v1.1
R000545,O003286,2026-08-07T10:56:43,2026-08-09T12:56:43,success,158356,demo-v1.1
R000546,O003289,2026-03-09T14:08:55,2026-03-11T02:08:55,success,189845,demo-v1.1
R000547,O003295,2026-05-17T05:39:58,2026-05-19T22:39:58,success,52074,demo-v1.1
R000548,O003297,2026-06-14T19:22:14,2026-06-16T15:22:14,success,587461,demo-v1.1
R000549,O003297,2026-06-16T15:23:14,2026-06-18T08:23:14,success,430156,demo-v1.1
R000550,O003311,2026-05-20T12:31:19,2026-05-21T01:31:19,success,1240782,demo-v1.1
R000551,O003316,2026-07-06T00:22:19,2026-07-06T08:22:19,success,177732,demo-v1.1
R000552,O003323,2026-04-05T05:42:33,2026-04-07T04:42:33,success,220690,demo-v1.1
R000553,O003325,2026-04-07T16:04:20,2026-04-09T22:04:20,success,476071,demo-v1.1
R000554,O003327,2026-07-13T14:07:12,2026-07-14T19:07:12,success,315091,demo-v1.1
R000555,O003337,2026-09-06T10:04:26,2026-09-07T00:04:26,success,3588,demo-v1.1
R000556,O003337,2026-09-07T00:05:26,2026-09-07T21:05:26,success,5596,demo-v1.1
R000557,O003341,2026-05-16T02:42:37,2026-05-16T16:42:37,success,462925,demo-v1.1
R000558,O003347,2026-04-02T14:31:33,2026-04-05T08:31:33,success,258114,demo-v1.1
R000559,O003349,2026-03-05T23:05:30,2026-03-07T22:05:30,success,346643,demo-v1.1
R000560,O003360,2026-09-30T23:59:59,2026-09-30T23:59:59,success,964731,demo-v1.1
R000561,O003367,2026-05-25T03:45:07,2026-05-26T14:45:07,success,911388,demo-v1.1
R000562,O003367,2026-05-26T14:46:07,2026-05-27T14:46:07,success,453940,demo-v1.1
R000563,O003370,2026-08-14T13:40:02,2026-08-15T02:40:02,success,754208,demo-v1.1
R000564,O003373,2026-04-03T04:09:44,2026-04-05T10:09:44,success,103746,demo-v1.1
R000565,O003373,2026-04-05T10:10:44,2026-04-05T11:10:44,success,651820,demo-v1.1
R000566,O003388,2026-02-04T15:11:50,2026-02-05T06:11:50,success,444631,demo-v1.1
R000567,O003388,2026-02-05T06:12:50,2026-02-06T22:12:50,success,102287,demo-v1.1
R000568,O003393,2026-07-16T08:41:29,2026-07-19T03:41:29,success,495369,demo-v1.1
R000569,O003396,2026-01-18T09:10:29,2026-01-20T17:10:29,success,925107,demo-v1.1
R000570,O003398,2026-04-08T05:11:08,2026-04-10T19:11:08,success,771595,demo-v1.1
R000571,O003413,2026-05-02T01:28:23,,pending,1205826,demo-v1.1
R000572,O003422,2026-02-02T14:42:33,2026-02-04T23:42:33,success,135816,demo-v1.1
R000573,O003428,2026-01-24T02:10:38,2026-01-26T16:10:38,success,841267,demo-v1.1
R000574,O003434,2026-07-17T16:00:13,2026-07-19T11:00:13,success,673389,demo-v1.1
R000575,O003443,2026-09-30T23:59:59,2026-09-30T23:59:59,success,1200470,demo-v1.1
R000576,O003454,2026-06-02T01:42:57,2026-06-02T05:42:57,success,287868,demo-v1.1
R000577,O003466,2026-02-21T05:52:15,,failed,53301,demo-v1.1
R000578,O003466,2026-02-23T23:53:15,2026-02-25T18:53:15,success,393673,demo-v1.1
R000579,O003468,2026-06-29T14:36:35,2026-06-30T18:36:35,success,1110989,demo-v1.1
R000580,O003474,2026-05-10T09:32:06,2026-05-12T20:32:06,success,335463,demo-v1.1
R000581,O003496,2026-04-08T09:15:14,2026-04-11T06:15:14,success,35877,demo-v1.1
R000582,O003499,2026-08-12T19:46:16,2026-08-15T12:46:16,success,1261994,demo-v1.1
R000583,O003503,2026-01-31T02:42:47,2026-02-02T01:42:47,success,535392,demo-v1.1
R000584,O003505,2026-03-03T07:36:30,2026-03-03T23:36:30,success,178964,demo-v1.1
R000585,O003507,2026-05-07T15:54:58,,pending,520936,demo-v1.1
R000586,O003508,2026-09-30T23:59:59,2026-09-30T23:59:59,success,784384,demo-v1.1
R000587,O003513,2026-09-12T23:14:57,2026-09-14T07:14:57,success,403882,demo-v1.1
R000588,O003518,2026-04-26T09:29:58,2026-04-27T05:29:58,success,574070,demo-v1.1
R000589,O003520,2026-09-15T16:39:38,,pending,209880,demo-v1.1
R000590,O003522,2026-08-13T15:26:24,,failed,306839,demo-v1.1
R000591,O003526,2026-02-08T14:28:39,2026-02-10T09:28:39,success,136416,demo-v1.1
R000592,O003538,2026-08-12T18:06:43,2026-08-14T09:06:43,success,357345,demo-v1.1
R000593,O003540,2026-03-02T14:29:15,2026-03-04T04:29:15,success,443501,demo-v1.1
R000594,O003543,2026-03-29T01:00:39,2026-03-31T16:00:39,success,90218,demo-v1.1
R000595,O003547,2026-02-10T22:18:49,2026-02-11T23:18:49,success,131730,demo-v1.1
R000596,O003548,2026-09-30T23:59:59,2026-09-30T23:59:59,success,49455,demo-v1.1
R000597,O003558,2026-04-18T09:03:12,2026-04-18T15:03:12,success,678931,demo-v1.1
R000598,O003564,2026-07-20T12:06:47,2026-07-22T23:06:47,success,551451,demo-v1.1
R000599,O003573,2026-08-29T13:49:45,2026-08-31T04:49:45,success,196450,demo-v1.1
R000600,O003577,2026-05-14T21:02:16,,pending,869589,demo-v1.1
R000601,O003590,2026-04-17T08:24:28,2026-04-18T14:24:28,success,910046,demo-v1.1
R000602,O003592,2026-09-27T07:47:07,2026-09-29T00:47:07,success,530046,demo-v1.1
R000603,O003599,2026-06-10T11:10:32,2026-06-12T08:10:32,success,118601,demo-v1.1
R000604,O003610,2026-07-23T12:44:04,2026-07-26T00:44:04,success,100922,demo-v1.1
R000605,O003613,2026-01-27T19:46:55,2026-01-28T05:46:55,success,1653741,demo-v1.1
R000606,O003619,2026-04-21T00:53:55,2026-04-23T03:53:55,success,177692,demo-v1.1
R000607,O003619,2026-04-23T03:54:55,2026-04-25T22:54:55,success,164381,demo-v1.1
R000608,O003627,2026-09-30T23:59:59,2026-09-30T23:59:59,success,601717,demo-v1.1
R000609,O003632,2026-02-20T07:59:06,2026-02-20T15:59:06,success,627942,demo-v1.1
R000610,O003637,2026-06-04T11:05:24,2026-06-06T15:05:24,success,419271,demo-v1.1
R000611,O003638,2026-07-08T04:24:44,,pending,134078,demo-v1.1
R000612,O003647,2026-06-26T12:57:25,,pending,823658,demo-v1.1
R000613,O003648,2026-06-17T05:56:26,2026-06-19T10:56:26,success,61630,demo-v1.1
R000614,O003656,2026-03-01T15:01:46,2026-03-02T17:01:46,success,8944,demo-v1.1
R000615,O003678,2026-03-06T19:27:37,,pending,260715,demo-v1.1
R000616,O003685,2026-03-19T05:59:21,2026-03-21T15:59:21,success,1077343,demo-v1.1
R000617,O003687,2026-06-13T02:01:13,2026-06-14T21:01:13,success,1161521,demo-v1.1
R000618,O003688,2026-08-30T13:01:22,2026-09-02T13:01:22,success,38438,demo-v1.1
R000619,O003691,2026-04-24T22:38:32,2026-04-26T23:38:32,success,532423,demo-v1.1
R000620,O003692,2026-02-10T14:13:15,2026-02-13T03:13:15,success,1277844,demo-v1.1
R000621,O003693,2026-01-03T04:54:15,2026-01-04T22:54:15,success,432289,demo-v1.1
R000622,O003694,2026-02-15T18:32:13,2026-02-18T13:32:13,success,1295938,demo-v1.1
R000623,O003695,2026-05-19T19:33:19,2026-05-20T21:33:19,success,283604,demo-v1.1
R000624,O003702,2026-09-01T02:14:44,2026-09-02T14:14:44,success,10704,demo-v1.1
R000625,O003703,2026-08-15T00:11:23,2026-08-15T15:11:23,success,68453,demo-v1.1
R000626,O003704,2026-07-04T17:38:16,2026-07-06T17:38:16,success,1574903,demo-v1.1
R000627,O003712,2026-09-02T06:35:09,2026-09-04T21:35:09,success,8404,demo-v1.1
R000628,O003717,2026-03-23T11:03:49,2026-03-24T14:03:49,success,51318,demo-v1.1
R000629,O003722,2026-08-05T02:46:27,,pending,335695,demo-v1.1
R000630,O003725,2026-03-31T21:53:38,2026-04-01T18:53:38,success,36982,demo-v1.1
R000631,O003733,2026-01-09T03:20:27,,failed,43775,demo-v1.1
R000632,O003733,2026-01-11T03:21:27,2026-01-11T13:21:27,success,16302,demo-v1.1
R000633,O003735,2026-05-13T13:47:49,2026-05-15T01:47:49,success,59389,demo-v1.1
R000634,O003743,2026-01-18T23:32:50,2026-01-20T23:32:50,success,849477,demo-v1.1
R000635,O003746,2026-05-05T07:05:02,2026-05-05T22:05:02,success,80671,demo-v1.1
R000636,O003753,2026-06-24T15:03:15,2026-06-25T20:03:15,success,1232703,demo-v1.1
R000637,O003763,2026-06-01T03:31:54,2026-06-02T22:31:54,success,38036,demo-v1.1
R000638,O003765,2026-01-31T11:10:16,2026-02-01T21:10:16,success,1000496,demo-v1.1
R000639,O003766,2026-07-31T15:14:57,2026-07-31T19:14:57,success,27522,demo-v1.1
R000640,O003768,2026-04-17T07:45:55,2026-04-19T07:45:55,success,437559,demo-v1.1
R000641,O003779,2026-04-06T02:23:47,2026-04-09T01:23:47,success,309216,demo-v1.1
R000642,O003785,2026-08-12T02:57:37,2026-08-14T12:57:37,success,226002,demo-v1.1
R000643,O003790,2026-09-30T23:59:59,2026-09-30T23:59:59,success,687941,demo-v1.1
R000644,O003792,2026-09-25T11:28:06,2026-09-27T12:28:06,success,50,demo-v1.1
R000645,O003792,2026-09-27T12:29:06,2026-09-28T02:29:06,success,53789,demo-v1.1
R000646,O003805,2026-02-13T12:33:32,2026-02-15T09:33:32,success,572009,demo-v1.1
R000647,O003818,2026-09-30T23:59:59,2026-09-30T23:59:59,success,767867,demo-v1.1
R000648,O003821,2026-08-19T14:13:20,2026-08-21T09:13:20,success,321613,demo-v1.1
R000649,O003831,2026-08-17T22:41:42,2026-08-18T04:41:42,success,131396,demo-v1.1
R000650,O003831,2026-08-18T04:42:42,2026-08-21T03:42:42,success,496285,demo-v1.1
R000651,O003834,2026-03-04T13:41:45,2026-03-05T14:41:45,success,1039842,demo-v1.1
R000652,O003837,2026-04-24T07:53:02,,failed,295520,demo-v1.1
R000653,O003842,2026-04-06T01:36:48,2026-04-06T12:36:48,success,508708,demo-v1.1
R000654,O003844,2026-07-10T13:57:15,2026-07-11T10:57:15,success,2535,demo-v1.1
R000655,O003849,2026-09-28T14:46:58,2026-09-29T17:46:58,success,1779484,demo-v1.1
R000656,O003853,2026-06-14T09:05:31,2026-06-16T20:05:31,success,430442,demo-v1.1
R000657,O003864,2026-05-16T06:38:28,,pending,194956,demo-v1.1
R000658,O003868,2026-09-25T00:04:59,2026-09-27T01:04:59,success,11370,demo-v1.1
R000659,O003868,2026-09-27T01:05:59,2026-09-27T16:05:59,success,60681,demo-v1.1
R000660,O003873,2026-05-04T16:07:57,2026-05-07T05:07:57,success,186320,demo-v1.1
R000661,O003873,2026-05-07T05:08:57,2026-05-07T06:08:57,success,38726,demo-v1.1
R000662,O003875,2026-07-17T18:23:36,2026-07-17T20:23:36,success,52649,demo-v1.1
R000663,O003889,2026-07-22T05:09:05,2026-07-24T16:09:05,success,392454,demo-v1.1
R000664,O003899,2026-09-30T23:59:59,2026-09-30T23:59:59,success,322197,demo-v1.1
R000665,O003902,2026-01-16T03:06:34,2026-01-18T20:06:34,success,1057345,demo-v1.1
R000666,O003922,2026-05-26T22:34:15,2026-05-27T05:34:15,success,1451281,demo-v1.1
R000667,O003923,2026-09-04T11:56:30,2026-09-07T00:56:30,success,678712,demo-v1.1
R000668,O003927,2026-04-06T06:40:14,2026-04-09T00:40:14,success,123343,demo-v1.1
R000669,O003934,2026-09-17T01:42:37,2026-09-19T09:42:37,success,1246343,demo-v1.1
R000670,O003945,2026-04-06T23:59:36,,failed,483109,demo-v1.1
R000671,O003955,2026-06-16T12:49:33,,pending,189275,demo-v1.1
R000672,O003957,2026-07-15T04:07:44,2026-07-16T09:07:44,success,101142,demo-v1.1
R000673,O003977,2026-01-25T03:49:31,2026-01-26T14:49:31,success,88889,demo-v1.1
R000674,O003986,2026-06-17T03:37:18,,failed,909873,demo-v1.1
R000675,O003987,2026-03-15T05:20:46,2026-03-15T21:20:46,success,349884,demo-v1.1
R000676,O003994,2026-05-30T01:35:39,2026-05-31T17:35:39,success,30370,demo-v1.1
R000677,O003994,2026-05-31T17:36:39,2026-06-02T23:36:39,success,22826,demo-v1.1
R000678,O004010,2026-07-27T04:49:51,2026-07-27T16:49:51,success,20247,demo-v1.1
R000679,O004010,2026-07-27T16:50:51,2026-07-29T15:50:51,success,6155,demo-v1.1
R000680,O004013,2026-05-03T19:09:14,2026-05-06T05:09:14,success,422444,demo-v1.1
R000681,O004015,2026-04-27T18:17:39,2026-04-27T21:17:39,success,453549,demo-v1.1
R000682,O004032,2026-09-30T23:59:59,2026-09-30T23:59:59,success,885862,demo-v1.1
R000683,O004038,2026-03-17T18:58:31,2026-03-18T01:58:31,success,320746,demo-v1.1
R000684,O004046,2026-04-01T09:35:54,2026-04-01T15:35:54,success,1030521,demo-v1.1
R000685,O004048,2026-07-01T06:21:47,,pending,280421,demo-v1.1
R000686,O004050,2026-08-20T13:38:15,2026-08-23T12:38:15,success,257333,demo-v1.1
R000687,O004054,2026-03-24T07:39:15,2026-03-25T05:39:15,success,175689,demo-v1.1
R000688,O004054,2026-03-25T05:40:15,,failed,63602,demo-v1.1
R000689,O004061,2026-07-18T19:12:57,2026-07-20T22:12:57,success,161094,demo-v1.1
R000690,O004061,2026-07-20T22:13:57,2026-07-22T10:13:57,success,191269,demo-v1.1
R000691,O004066,2026-02-27T18:03:02,2026-02-27T21:03:02,success,290428,demo-v1.1
R000692,O004067,2026-08-11T15:06:32,2026-08-11T22:06:32,success,1037493,demo-v1.1
R000693,O004080,2026-03-04T16:09:33,2026-03-07T11:09:33,success,934103,demo-v1.1
R000694,O004087,2026-02-12T23:42:58,2026-02-13T06:42:58,success,803350,demo-v1.1
R000695,O004087,2026-02-13T06:43:58,2026-02-14T17:43:58,success,130898,demo-v1.1
R000696,O004091,2026-03-29T02:48:49,2026-03-30T19:48:49,success,1099723,demo-v1.1
R000697,O004096,2026-06-29T19:04:07,2026-07-02T13:04:07,success,200689,demo-v1.1
R000698,O004099,2026-04-15T22:54:18,2026-04-17T23:54:18,success,981107,demo-v1.1
R000699,O004131,2026-09-30T23:59:59,,failed,116831,demo-v1.1
R000700,O004131,2026-09-30T23:59:59,2026-09-30T23:59:59,success,1346545,demo-v1.1
R000701,O004134,2026-03-19T01:34:34,2026-03-19T20:34:34,success,166607,demo-v1.1
R000702,O004150,2026-05-26T16:53:49,2026-05-28T23:53:49,success,373846,demo-v1.1
R000703,O004161,2026-08-17T23:22:47,2026-08-20T19:22:47,success,17717,demo-v1.1
R000704,O004170,2026-07-30T18:20:48,,pending,898473,demo-v1.1
R000705,O004173,2026-08-20T02:21:35,2026-08-22T19:21:35,success,1192075,demo-v1.1
R000706,O004181,2026-07-23T07:39:01,,pending,39530,demo-v1.1
R000707,O004182,2026-04-11T14:07:29,2026-04-14T12:07:29,success,12866,demo-v1.1
R000708,O004200,2026-02-12T04:04:57,2026-02-12T19:04:57,success,234890,demo-v1.1
R000709,O004203,2026-09-30T23:59:59,2026-09-30T23:59:59,success,73349,demo-v1.1
R000710,O004203,2026-09-30T23:59:59,2026-09-30T23:59:59,success,90492,demo-v1.1
R000711,O004207,2026-08-14T02:09:28,2026-08-15T13:09:28,success,1468839,demo-v1.1
R000712,O004209,2026-03-10T03:20:32,2026-03-11T13:20:32,success,302544,demo-v1.1
R000713,O004217,2026-06-21T16:49:00,2026-06-24T15:49:00,success,341939,demo-v1.1
R000714,O004217,2026-06-24T15:50:00,2026-06-25T03:50:00,success,335577,demo-v1.1
R000715,O004235,2026-08-23T01:56:29,2026-08-24T05:56:29,success,1327212,demo-v1.1
R000716,O004241,2026-07-23T23:14:14,2026-07-24T07:14:14,success,402673,demo-v1.1
R000717,O004248,2026-09-30T23:59:59,2026-09-30T23:59:59,success,162908,demo-v1.1
R000718,O004252,2026-05-08T11:30:01,2026-05-08T17:30:01,success,622937,demo-v1.1
R000719,O004265,2026-09-30T23:59:59,2026-09-30T23:59:59,success,134073,demo-v1.1
R000720,O004266,2026-07-31T14:12:42,2026-08-01T05:12:42,success,91237,demo-v1.1
R000721,O004270,2026-09-30T23:59:59,2026-09-30T23:59:59,success,759190,demo-v1.1
R000722,O004270,2026-09-30T23:59:59,,pending,640304,demo-v1.1
R000723,O004275,2026-04-08T15:21:28,2026-04-09T01:21:28,success,316580,demo-v1.1
R000724,O004277,2026-02-09T21:02:00,2026-02-12T07:02:00,success,1271848,demo-v1.1
R000725,O004279,2026-07-18T22:17:24,2026-07-19T08:17:24,success,1041137,demo-v1.1
R000726,O004281,2026-03-08T08:24:11,2026-03-09T10:24:11,success,33748,demo-v1.1
R000727,O004286,2026-02-27T08:48:42,2026-03-01T20:48:42,success,269160,demo-v1.1
R000728,O004304,2026-05-13T14:22:06,,failed,162414,demo-v1.1
R000729,O004307,2026-04-08T23:15:48,2026-04-09T18:15:48,success,118498,demo-v1.1
R000730,O004311,2026-03-17T22:22:33,2026-03-18T16:22:33,success,488767,demo-v1.1
R000731,O004323,2026-07-08T00:07:48,2026-07-10T06:07:48,success,1532734,demo-v1.1
R000732,O004328,2026-08-02T08:38:38,2026-08-05T02:38:38,success,104504,demo-v1.1
R000733,O004328,2026-08-05T02:39:38,2026-08-07T10:39:38,success,290594,demo-v1.1
R000734,O004331,2026-09-10T18:58:23,2026-09-11T18:58:23,success,237254,demo-v1.1
R000735,O004338,2026-07-10T09:05:53,2026-07-13T06:05:53,success,105267,demo-v1.1
R000736,O004351,2026-01-20T03:55:36,2026-01-20T18:55:36,success,150340,demo-v1.1
R000737,O004351,2026-01-20T18:56:36,2026-01-21T23:56:36,success,558392,demo-v1.1
R000738,O004357,2026-09-16T04:15:39,2026-09-17T12:15:39,success,11427,demo-v1.1
R000739,O004359,2026-04-01T01:13:55,2026-04-02T04:13:55,success,206670,demo-v1.1
R000740,O004371,2026-06-27T12:30:16,2026-06-28T13:30:16,success,788414,demo-v1.1
R000741,O004374,2026-04-02T11:42:07,2026-04-05T05:42:07,success,114355,demo-v1.1
R000742,O004377,2026-02-12T22:59:46,2026-02-13T08:59:46,success,320446,demo-v1.1
R000743,O004379,2026-04-08T05:58:12,2026-04-10T13:58:12,success,1075062,demo-v1.1
R000744,O004384,2026-01-05T05:53:13,2026-01-07T10:53:13,success,107747,demo-v1.1
R000745,O004388,2026-04-21T10:35:23,2026-04-24T02:35:23,success,1253210,demo-v1.1
R000746,O004396,2026-06-05T13:02:34,2026-06-06T17:02:34,success,39837,demo-v1.1
R000747,O004401,2026-04-28T07:08:14,,pending,3092,demo-v1.1
R000748,O004406,2026-03-21T09:48:02,2026-03-23T01:48:02,success,567421,demo-v1.1
R000749,O004407,2026-09-01T02:21:38,2026-09-02T19:21:38,success,124586,demo-v1.1
R000750,O004411,2026-02-22T21:31:50,,pending,156488,demo-v1.1
R000751,O004424,2026-09-30T23:59:59,2026-09-30T23:59:59,success,1445460,demo-v1.1
R000752,O004430,2026-04-09T11:40:22,2026-04-11T05:40:22,success,186532,demo-v1.1
R000753,O004434,2026-03-21T20:51:20,2026-03-24T00:51:20,success,728289,demo-v1.1
R000754,O004447,2026-07-01T07:45:11,2026-07-02T18:45:11,success,170488,demo-v1.1
R000755,O004448,2026-09-09T11:11:22,2026-09-11T09:11:22,success,870418,demo-v1.1
R000756,O004449,2026-09-30T23:59:59,2026-09-30T23:59:59,success,465221,demo-v1.1
R000757,O004450,2026-02-18T20:44:29,2026-02-20T01:44:29,success,116939,demo-v1.1
R000758,O004450,2026-02-20T01:45:29,2026-02-22T00:45:29,success,101344,demo-v1.1
R000759,O004472,2026-05-04T11:56:07,2026-05-04T14:56:07,success,195738,demo-v1.1
R000760,O004476,2026-04-07T10:48:53,2026-04-09T16:48:53,success,120152,demo-v1.1
R000761,O004483,2026-07-06T16:28:22,2026-07-08T01:28:22,success,353924,demo-v1.1
R000762,O004496,2026-02-16T19:58:55,,pending,202746,demo-v1.1
R000763,O004500,2026-06-04T10:22:19,2026-06-05T10:22:19,success,53655,demo-v1.1
R000764,O004514,2026-03-19T09:47:49,2026-03-21T12:47:49,success,186299,demo-v1.1
R000765,O004518,2026-09-30T23:59:59,2026-09-30T23:59:59,success,148811,demo-v1.1
R000766,O004522,2026-05-18T13:58:19,2026-05-19T09:58:19,success,1439906,demo-v1.1
R000767,O004546,2026-02-05T01:45:04,2026-02-06T08:45:04,success,534787,demo-v1.1
R000768,O004546,2026-02-06T08:46:04,2026-02-08T18:46:04,success,581964,demo-v1.1
R000769,O004547,2026-05-17T12:54:08,2026-05-19T17:54:08,success,227867,demo-v1.1
R000770,O004557,2026-04-05T04:09:02,,failed,222349,demo-v1.1
R000771,O004571,2026-07-29T11:58:28,2026-07-29T23:58:28,success,136071,demo-v1.1
R000772,O004573,2026-08-03T01:14:28,,failed,1646661,demo-v1.1
R000773,O004574,2026-09-14T05:24:21,2026-09-14T23:24:21,success,527431,demo-v1.1
R000774,O004576,2026-01-04T14:04:44,2026-01-06T14:04:44,success,1446402,demo-v1.1
R000775,O004588,2026-08-17T10:04:53,2026-08-19T17:04:53,success,489984,demo-v1.1
R000776,O004596,2026-07-04T13:12:47,2026-07-05T16:12:47,success,11041,demo-v1.1
R000777,O004603,2026-08-07T19:14:39,2026-08-09T03:14:39,success,6589,demo-v1.1
R000778,O004603,2026-08-09T03:15:39,2026-08-09T20:15:39,success,26018,demo-v1.1
R000779,O004604,2026-05-02T07:38:24,2026-05-05T06:38:24,success,163951,demo-v1.1
R000780,O004614,2026-09-03T22:03:22,2026-09-06T14:03:22,success,26602,demo-v1.1
R000781,O004629,2026-05-22T08:04:13,2026-05-22T18:04:13,success,96660,demo-v1.1
R000782,O004629,2026-05-22T18:05:13,2026-05-24T09:05:13,success,1517489,demo-v1.1
R000783,O004635,2026-07-26T21:00:18,2026-07-29T11:00:18,success,265903,demo-v1.1
R000784,O004645,2026-04-25T12:53:38,2026-04-25T23:53:38,success,285862,demo-v1.1
R000785,O004652,2026-04-02T14:30:06,2026-04-03T15:30:06,success,624170,demo-v1.1
R000786,O004669,2026-04-24T05:25:38,2026-04-25T19:25:38,success,228695,demo-v1.1
R000787,O004670,2026-05-05T20:32:41,2026-05-08T07:32:41,success,2496,demo-v1.1
R000788,O004695,2026-03-05T17:25:33,2026-03-07T07:25:33,success,515470,demo-v1.1
R000789,O004698,2026-09-22T13:49:09,2026-09-23T12:49:09,success,4622,demo-v1.1
R000790,O004699,2026-03-17T06:13:30,2026-03-17T14:13:30,success,654796,demo-v1.1
R000791,O004705,2026-01-25T03:53:08,2026-01-26T05:53:08,success,18945,demo-v1.1
R000792,O004710,2026-09-22T08:03:57,2026-09-22T13:03:57,success,1311906,demo-v1.1
R000793,O004713,2026-07-02T14:51:30,2026-07-05T12:51:30,success,185018,demo-v1.1
R000794,O004717,2026-03-09T06:24:45,2026-03-09T23:24:45,success,216342,demo-v1.1
R000795,O004718,2026-07-30T00:26:42,2026-07-30T20:26:42,success,617647,demo-v1.1
R000796,O004721,2026-07-02T02:17:15,,pending,849071,demo-v1.1
R000797,O004727,2026-02-03T05:12:48,2026-02-05T01:12:48,success,17888,demo-v1.1
R000798,O004727,2026-02-05T01:13:48,2026-02-06T05:13:48,success,6779,demo-v1.1
R000799,O004738,2026-09-02T22:21:10,2026-09-03T10:21:10,success,621759,demo-v1.1
R000800,O004738,2026-09-03T10:22:10,,failed,113247,demo-v1.1
R000801,O004739,2026-02-26T22:22:52,2026-02-27T22:22:52,success,955998,demo-v1.1
R000802,O004740,2026-01-28T12:01:09,2026-01-29T10:01:09,success,212843,demo-v1.1
R000803,O004747,2026-01-18T20:56:23,2026-01-19T22:56:23,success,396386,demo-v1.1
R000804,O004747,2026-01-19T22:57:23,2026-01-20T13:57:23,success,247484,demo-v1.1
R000805,O004754,2026-07-23T11:57:23,2026-07-23T21:57:23,success,175827,demo-v1.1
R000806,O004759,2026-09-12T01:28:43,2026-09-14T09:28:43,success,135904,demo-v1.1
R000807,O004759,2026-09-14T09:29:43,2026-09-14T12:29:43,success,228990,demo-v1.1
R000808,O004775,2026-07-03T22:11:57,2026-07-06T01:11:57,success,556023,demo-v1.1
R000809,O004778,2026-07-03T18:07:43,2026-07-05T07:07:43,success,215945,demo-v1.1
R000810,O004782,2026-04-05T03:10:31,2026-04-06T15:10:31,success,335661,demo-v1.1
R000811,O004783,2026-08-13T02:21:13,2026-08-13T22:21:13,success,204832,demo-v1.1
R000812,O004793,2026-04-20T05:01:05,2026-04-21T07:01:05,success,134068,demo-v1.1
R000813,O004804,2026-07-09T20:40:15,2026-07-10T16:40:15,success,83829,demo-v1.1
R000814,O004806,2026-09-29T17:23:46,2026-09-30T23:59:59,success,232666,demo-v1.1
R000815,O004809,2026-01-23T12:22:21,2026-01-23T19:22:21,success,174034,demo-v1.1
R000816,O004820,2026-04-18T15:30:32,2026-04-20T10:30:32,success,579539,demo-v1.1
R000817,O004837,2026-03-01T03:17:43,2026-03-02T15:17:43,success,276832,demo-v1.1
R000818,O004839,2026-02-22T05:48:03,,pending,452571,demo-v1.1
R000819,O004862,2026-05-01T18:04:13,2026-05-02T10:04:13,success,131457,demo-v1.1
R000820,O004862,2026-05-02T10:05:13,2026-05-03T20:05:13,success,68631,demo-v1.1
R000821,O004877,2026-03-15T10:57:45,2026-03-16T05:57:45,success,305516,demo-v1.1
R000822,O004885,2026-08-01T02:45:49,2026-08-02T09:45:49,success,1771848,demo-v1.1
R000823,O004886,2026-01-21T07:06:37,2026-01-22T05:06:37,success,29555,demo-v1.1
R000824,O004886,2026-01-22T05:07:37,2026-01-25T00:07:37,success,17414,demo-v1.1
R000825,O004893,2026-03-01T05:24:46,2026-03-02T21:24:46,success,882457,demo-v1.1
R000826,O004900,2026-01-27T12:37:27,2026-01-28T22:37:27,success,13169,demo-v1.1
R000827,O004902,2026-08-08T02:25:10,2026-08-10T00:25:10,success,125852,demo-v1.1
R000828,O004910,2026-06-15T14:27:48,2026-06-17T20:27:48,success,474732,demo-v1.1
R000829,O004917,2026-09-18T04:37:26,2026-09-18T22:37:26,success,547390,demo-v1.1
R000830,O004927,2026-01-19T18:27:26,2026-01-19T23:27:26,success,706366,demo-v1.1
R000831,O004959,2026-09-15T21:00:06,2026-09-17T01:00:06,success,642453,demo-v1.1
R000832,O004963,2026-02-19T00:00:17,2026-02-20T16:00:17,success,81010,demo-v1.1
R000833,O004964,2026-06-27T01:16:29,2026-06-28T06:16:29,success,138027,demo-v1.1
R000834,O004965,2026-05-06T20:01:22,2026-05-07T21:01:22,success,416203,demo-v1.1
R000835,O004972,2026-03-20T04:37:57,2026-03-23T04:37:57,success,709868,demo-v1.1
R000836,O004975,2026-03-07T12:15:11,2026-03-08T06:15:11,success,544387,demo-v1.1
R000837,O004985,2026-07-19T19:57:38,2026-07-21T09:57:38,success,490388,demo-v1.1
R000838,O004985,2026-07-21T09:58:38,2026-07-24T00:58:38,success,460518,demo-v1.1
R000839,O005006,2026-04-29T00:23:39,,pending,94166,demo-v1.1
R000840,O005011,2026-09-07T20:15:19,2026-09-08T17:15:19,success,122314,demo-v1.1
R000841,O005015,2026-04-05T09:52:49,2026-04-07T10:52:49,success,136459,demo-v1.1
R000842,O005028,2026-06-16T11:57:33,2026-06-18T14:57:33,success,1036495,demo-v1.1
R000843,O005030,2026-08-15T03:53:33,2026-08-15T19:53:33,success,88204,demo-v1.1
R000844,O005031,2026-08-28T03:58:24,2026-08-29T20:58:24,success,1274641,demo-v1.1
R000845,O005039,2026-08-25T04:34:55,2026-08-26T23:34:55,success,323130,demo-v1.1
R000846,O005042,2026-02-24T04:45:22,2026-02-25T13:45:22,success,531335,demo-v1.1
R000847,O005043,2026-04-16T17:38:15,2026-04-18T07:38:15,success,117009,demo-v1.1
R000848,O005044,2026-05-16T06:39:09,2026-05-18T03:39:09,success,431288,demo-v1.1
R000849,O005047,2026-02-14T06:19:37,2026-02-15T03:19:37,success,300820,demo-v1.1
R000850,O005050,2026-01-16T17:32:55,2026-01-17T18:32:55,success,699625,demo-v1.1
R000851,O005050,2026-01-17T18:33:55,2026-01-20T12:33:55,success,250471,demo-v1.1
R000852,O005055,2026-02-16T17:40:36,2026-02-16T20:40:36,success,415319,demo-v1.1
R000853,O005059,2026-03-05T09:53:02,2026-03-07T18:53:02,success,208165,demo-v1.1
R000854,O005061,2026-03-30T17:39:35,2026-04-01T06:39:35,success,44998,demo-v1.1
R000855,O005062,2026-08-06T06:46:42,,failed,415198,demo-v1.1
R000856,O005074,2026-02-02T23:08:37,,failed,729221,demo-v1.1
R000857,O005092,2026-03-09T20:56:40,2026-03-11T07:56:40,success,671318,demo-v1.1
R000858,O005096,2026-09-05T07:44:20,2026-09-06T06:44:20,success,947729,demo-v1.1
R000859,O005097,2026-08-29T08:26:56,2026-09-01T02:26:56,success,321390,demo-v1.1
R000860,O005098,2026-09-30T23:59:59,2026-09-30T23:59:59,success,198377,demo-v1.1
R000861,O005099,2026-02-11T23:49:36,2026-02-13T06:49:36,success,786600,demo-v1.1
R000862,O005104,2026-07-19T08:32:19,2026-07-21T16:32:19,success,1207584,demo-v1.1
R000863,O005109,2026-08-20T02:46:21,,failed,368593,demo-v1.1
R000864,O005118,2026-03-24T23:16:46,2026-03-26T09:16:46,success,1094976,demo-v1.1
R000865,O005122,2026-03-06T21:55:06,2026-03-08T09:55:06,success,402203,demo-v1.1
R000866,O005129,2026-02-22T18:03:10,2026-02-25T12:03:10,success,1204096,demo-v1.1
R000867,O005137,2026-04-10T15:26:32,2026-04-12T20:26:32,success,184484,demo-v1.1
R000868,O005137,2026-04-12T20:27:32,2026-04-15T10:27:32,success,767279,demo-v1.1
R000869,O005146,2026-07-18T05:14:35,2026-07-19T17:14:35,success,763543,demo-v1.1
R000870,O005148,2026-05-29T06:02:58,2026-05-29T15:02:58,success,1184476,demo-v1.1
R000871,O005164,2026-09-06T12:21:21,2026-09-08T03:21:21,success,1018698,demo-v1.1
R000872,O005172,2026-01-18T05:35:39,2026-01-19T03:35:39,success,192864,demo-v1.1
R000873,O005185,2026-01-20T01:49:06,2026-01-22T13:49:06,success,439546,demo-v1.1
R000874,O005188,2026-02-16T00:01:46,,pending,7727,demo-v1.1
R000875,O005189,2026-08-25T09:14:40,2026-08-25T11:14:40,success,359868,demo-v1.1
R000876,O005190,2026-05-02T05:56:35,2026-05-04T13:56:35,success,1220613,demo-v1.1
R000877,O005190,2026-05-04T13:57:35,2026-05-05T13:57:35,success,206711,demo-v1.1
R000878,O005197,2026-06-26T07:32:02,2026-06-26T11:32:02,success,6414,demo-v1.1
R000879,O005201,2026-09-13T17:06:05,2026-09-15T12:06:05,success,30195,demo-v1.1
R000880,O005205,2026-03-09T11:40:29,2026-03-11T10:40:29,success,367701,demo-v1.1
R000881,O005206,2026-03-04T11:01:46,2026-03-07T03:01:46,success,129081,demo-v1.1
R000882,O005209,2026-05-23T20:27:38,2026-05-24T17:27:38,success,63090,demo-v1.1
R000883,O005231,2026-02-13T10:51:18,2026-02-14T03:51:18,success,34526,demo-v1.1
R000884,O005232,2026-07-13T14:10:37,2026-07-16T03:10:37,success,971253,demo-v1.1
R000885,O005235,2026-01-21T08:41:05,2026-01-22T20:41:05,success,54731,demo-v1.1
R000886,O005237,2026-06-14T12:00:31,2026-06-17T04:00:31,success,412499,demo-v1.1
R000887,O005240,2026-02-08T16:46:51,2026-02-10T07:46:51,success,214131,demo-v1.1
R000888,O005240,2026-02-10T07:47:51,2026-02-10T21:47:51,success,19580,demo-v1.1
R000889,O005248,2026-05-29T08:44:49,2026-06-01T05:44:49,success,92270,demo-v1.1
R000890,O005254,2026-06-21T22:47:35,,failed,84728,demo-v1.1
R000891,O005264,2026-03-02T14:45:53,2026-03-05T01:45:53,success,439137,demo-v1.1
R000892,O005265,2026-05-31T19:43:37,2026-05-31T21:43:37,success,387710,demo-v1.1
R000893,O005267,2026-03-26T15:14:01,2026-03-29T11:14:01,success,1264882,demo-v1.1
R000894,O005269,2026-07-25T11:44:10,2026-07-27T06:44:10,success,1062821,demo-v1.1
R000895,O005271,2026-04-12T23:56:39,2026-04-15T03:56:39,success,111898,demo-v1.1
R000896,O005271,2026-04-15T03:57:39,2026-04-17T06:57:39,success,214601,demo-v1.1
R000897,O005279,2026-06-29T15:23:23,2026-06-30T02:23:23,success,149455,demo-v1.1
R000898,O005289,2026-07-14T20:08:57,2026-07-16T18:08:57,success,94455,demo-v1.1
R000899,O005290,2026-09-19T05:46:38,2026-09-21T14:46:38,success,36996,demo-v1.1
R000900,O005297,2026-09-10T08:54:45,2026-09-11T01:54:45,success,461935,demo-v1.1
R000901,O005299,2026-08-26T23:20:51,2026-08-29T06:20:51,success,37877,demo-v1.1
R000902,O005303,2026-05-12T01:11:08,2026-05-15T01:11:08,success,98244,demo-v1.1
R000903,O005304,2026-09-07T03:41:54,2026-09-10T02:41:54,success,225383,demo-v1.1
R000904,O005311,2026-02-16T00:46:36,2026-02-17T09:46:36,success,98463,demo-v1.1
R000905,O005316,2026-07-16T21:02:16,2026-07-19T18:02:16,success,377209,demo-v1.1
R000906,O005317,2026-04-21T05:04:02,,failed,746185,demo-v1.1
R000907,O005323,2026-01-31T01:00:28,2026-02-01T18:00:28,success,315251,demo-v1.1
R000908,O005325,2026-02-11T10:33:44,2026-02-13T13:33:44,success,572225,demo-v1.1
R000909,O005342,2026-07-21T16:29:55,2026-07-23T05:29:55,success,1035038,demo-v1.1
R000910,O005357,2026-03-08T16:25:13,2026-03-08T20:25:13,success,212065,demo-v1.1
R000911,O005361,2026-05-26T18:31:00,2026-05-28T14:31:00,success,337294,demo-v1.1
R000912,O005365,2026-05-28T19:53:39,2026-05-30T13:53:39,success,822702,demo-v1.1
R000913,O005367,2026-04-28T00:01:51,2026-05-01T00:01:51,success,1534295,demo-v1.1
R000914,O005368,2026-07-02T11:09:30,2026-07-04T19:09:30,success,1459111,demo-v1.1
R000915,O005374,2026-06-11T01:06:26,2026-06-13T19:06:26,success,75377,demo-v1.1
R000916,O005374,2026-06-13T19:07:26,2026-06-14T13:07:26,success,90586,demo-v1.1
R000917,O005407,2026-07-27T11:46:37,2026-07-28T02:46:37,success,165225,demo-v1.1
R000918,O005411,2026-03-15T13:05:34,2026-03-17T15:05:34,success,557468,demo-v1.1
R000919,O005416,2026-05-30T18:25:33,2026-06-02T18:25:33,success,1557460,demo-v1.1
R000920,O005418,2026-05-19T21:40:05,,pending,142276,demo-v1.1
R000921,O005418,2026-05-22T12:41:05,2026-05-23T12:41:05,success,157364,demo-v1.1
R000922,O005421,2026-01-29T08:57:26,2026-01-30T15:57:26,success,382968,demo-v1.1
R000923,O005432,2026-06-01T16:13:31,2026-06-03T14:13:31,success,1940150,demo-v1.1
R000924,O005437,2026-05-03T10:30:18,,pending,296420,demo-v1.1
R000925,O005439,2026-05-29T22:13:34,,pending,14312,demo-v1.1
R000926,O005442,2026-02-11T05:09:18,2026-02-12T18:09:18,success,136951,demo-v1.1
R000927,O005455,2026-06-15T10:45:36,2026-06-17T17:45:36,success,756418,demo-v1.1
R000928,O005463,2026-01-11T12:37:09,2026-01-12T09:37:09,success,89287,demo-v1.1
R000929,O005470,2026-04-09T23:13:34,2026-04-11T02:13:34,success,1077936,demo-v1.1
R000930,O005483,2026-01-11T03:16:22,2026-01-13T19:16:22,success,1732567,demo-v1.1
R000931,O005488,2026-06-24T18:02:52,2026-06-26T10:02:52,success,995928,demo-v1.1
R000932,O005505,2026-08-31T05:41:51,2026-09-02T19:41:51,success,1064929,demo-v1.1
R000933,O005506,2026-03-27T09:12:50,,pending,23106,demo-v1.1
R000934,O005514,2026-01-31T11:54:15,2026-01-31T19:54:15,success,1011710,demo-v1.1
R000935,O005516,2026-02-27T15:08:08,2026-03-01T05:08:08,success,586195,demo-v1.1
R000936,O005522,2026-04-17T06:40:41,2026-04-17T21:40:41,success,768492,demo-v1.1
R000937,O005534,2026-07-08T11:38:36,2026-07-09T04:38:36,success,675883,demo-v1.1
R000938,O005538,2026-07-31T04:31:24,2026-08-02T22:31:24,success,248664,demo-v1.1
R000939,O005546,2026-02-20T11:26:28,2026-02-22T05:26:28,success,128779,demo-v1.1
R000940,O005548,2026-07-18T00:08:47,2026-07-20T21:08:47,success,531968,demo-v1.1
R000941,O005552,2026-02-15T22:22:55,2026-02-16T01:22:55,success,1541949,demo-v1.1
R000942,O005563,2026-08-12T14:06:46,2026-08-15T13:06:46,success,809425,demo-v1.1
R000943,O005564,2026-05-07T23:55:12,2026-05-10T08:55:12,success,274949,demo-v1.1
R000944,O005567,2026-02-24T08:27:29,2026-02-26T20:27:29,success,529339,demo-v1.1
R000945,O005582,2026-07-28T08:10:32,,failed,71369,demo-v1.1
R000946,O005590,2026-02-12T15:15:19,2026-02-12T17:15:19,success,32671,demo-v1.1
R000947,O005596,2026-02-17T12:57:09,2026-02-19T20:57:09,success,129698,demo-v1.1
R000948,O005607,2026-03-17T19:36:36,2026-03-19T07:36:36,success,274644,demo-v1.1
R000949,O005608,2026-05-02T22:03:45,2026-05-03T06:03:45,success,555297,demo-v1.1
R000950,O005614,2026-05-24T09:44:21,2026-05-26T16:44:21,success,576476,demo-v1.1
R000951,O005619,2026-05-11T17:40:57,2026-05-13T04:40:57,success,202714,demo-v1.1
R000952,O005619,2026-05-13T04:41:57,2026-05-13T09:41:57,success,51536,demo-v1.1
R000953,O005620,2026-08-14T04:26:15,2026-08-14T05:26:15,success,161973,demo-v1.1
R000954,O005635,2026-07-08T06:01:01,2026-07-09T21:01:01,success,1700542,demo-v1.1
R000955,O005635,2026-07-09T21:02:01,2026-07-12T18:02:01,success,234348,demo-v1.1
R000956,O005654,2026-07-10T05:27:03,,pending,414549,demo-v1.1
R000957,O005657,2026-04-05T23:00:40,2026-04-08T16:00:40,success,1377638,demo-v1.1
R000958,O005661,2026-09-11T13:40:11,2026-09-13T18:40:11,success,617919,demo-v1.1
R000959,O005665,2026-07-28T17:17:15,2026-07-30T22:17:15,success,219242,demo-v1.1
R000960,O005668,2026-01-20T01:07:06,,pending,127006,demo-v1.1
R000961,O005672,2026-02-21T13:09:28,2026-02-21T18:09:28,success,179771,demo-v1.1
R000962,O005676,2026-06-07T14:32:29,2026-06-09T19:32:29,success,1312124,demo-v1.1
R000963,O005683,2026-01-18T00:07:37,2026-01-20T08:07:37,success,156568,demo-v1.1
R000964,O005700,2026-08-04T17:58:06,2026-08-05T20:58:06,success,1436058,demo-v1.1
R000965,O005701,2026-09-30T23:59:59,2026-09-30T23:59:59,success,455285,demo-v1.1
R000966,O005709,2026-09-09T14:19:45,,pending,1002507,demo-v1.1
R000967,O005714,2026-04-20T14:25:34,2026-04-22T11:25:34,success,234093,demo-v1.1
R000968,O005714,2026-04-22T11:26:34,,failed,20174,demo-v1.1
R000969,O005719,2026-04-07T13:05:17,2026-04-08T16:05:17,success,272680,demo-v1.1
R000970,O005722,2026-08-17T11:23:27,2026-08-18T06:23:27,success,287444,demo-v1.1
R000971,O005724,2026-06-02T10:33:11,2026-06-05T08:33:11,success,716516,demo-v1.1
R000972,O005725,2026-03-16T02:08:36,2026-03-17T12:08:36,success,1317517,demo-v1.1
R000973,O005732,2026-09-07T14:10:53,2026-09-09T18:10:53,success,88033,demo-v1.1
R000974,O005743,2026-09-02T09:57:18,2026-09-03T19:57:18,success,1372560,demo-v1.1
R000975,O005751,2026-08-31T23:29:42,2026-09-03T19:29:42,success,490277,demo-v1.1
R000976,O005757,2026-06-04T17:14:34,2026-06-05T19:14:34,success,1015489,demo-v1.1
R000977,O005757,2026-06-05T19:15:34,,failed,97486,demo-v1.1
R000978,O005769,2026-06-08T17:13:30,2026-06-11T11:13:30,success,881433,demo-v1.1
R000979,O005770,2026-05-15T12:05:35,2026-05-16T22:05:35,success,60457,demo-v1.1
R000980,O005779,2026-03-19T15:37:54,2026-03-20T19:37:54,success,279811,demo-v1.1
R000981,O005792,2026-06-22T08:15:25,2026-06-22T19:15:25,success,83871,demo-v1.1
R000982,O005799,2026-02-04T07:00:02,,failed,926611,demo-v1.1
R000983,O005804,2026-08-18T15:00:30,2026-08-21T06:00:30,success,1118209,demo-v1.1
R000984,O005809,2026-07-07T12:02:26,,pending,122899,demo-v1.1
R000985,O005809,2026-07-07T22:03:26,2026-07-09T04:03:26,success,146674,demo-v1.1
R000986,O005814,2026-08-19T03:42:54,2026-08-21T01:42:54,success,131694,demo-v1.1
R000987,O005814,2026-08-21T01:43:54,2026-08-21T21:43:54,success,243921,demo-v1.1
R000988,O005827,2026-09-20T22:17:27,2026-09-20T23:17:27,success,339295,demo-v1.1
R000989,O005829,2026-07-04T12:25:38,2026-07-05T16:25:38,success,188622,demo-v1.1
R000990,O005829,2026-07-05T16:26:38,2026-07-07T21:26:38,success,11688,demo-v1.1
R000991,O005833,2026-06-24T12:18:22,2026-06-26T17:18:22,success,832610,demo-v1.1
R000992,O005838,2026-07-08T18:19:11,2026-07-11T08:19:11,success,796587,demo-v1.1
R000993,O005842,2026-09-02T21:06:55,2026-09-05T00:06:55,success,24491,demo-v1.1
R000994,O005847,2026-03-20T08:04:52,2026-03-23T00:04:52,success,730471,demo-v1.1
R000995,O005849,2026-02-12T10:53:23,2026-02-12T17:53:23,success,296958,demo-v1.1
R000996,O005849,2026-02-12T17:54:23,2026-02-13T04:54:23,success,56614,demo-v1.1
R000997,O005877,2026-03-10T08:37:45,2026-03-12T10:37:45,success,256437,demo-v1.1
R000998,O005884,2026-03-07T01:12:14,2026-03-09T02:12:14,success,103222,demo-v1.1
R000999,O005889,2026-09-30T23:59:59,2026-09-30T23:59:59,success,15181,demo-v1.1
R001000,O005890,2026-04-27T18:17:50,,pending,758224,demo-v1.1
R001001,O005891,2026-03-03T22:20:34,2026-03-06T03:20:34,success,1783375,demo-v1.1
R001002,O005892,2026-06-07T23:21:28,2026-06-09T23:21:28,success,102755,demo-v1.1
R001003,O005895,2026-02-27T08:41:10,2026-03-01T16:41:10,success,276960,demo-v1.1
R001004,O005902,2026-09-30T23:59:59,2026-09-30T23:59:59,success,455939,demo-v1.1
R001005,O005908,2026-08-01T08:14:38,2026-08-02T05:14:38,success,254158,demo-v1.1
R001006,O005908,2026-08-02T05:15:38,2026-08-04T19:15:38,success,278357,demo-v1.1
R001007,O005913,2026-06-26T04:36:02,2026-06-28T14:36:02,success,2393,demo-v1.1
R001008,O005913,2026-06-28T14:37:02,2026-06-30T06:37:02,success,22994,demo-v1.1
R001009,O005925,2026-01-12T01:08:59,2026-01-12T04:08:59,success,55414,demo-v1.1
R001010,O005929,2026-09-30T23:59:59,2026-09-30T23:59:59,success,889142,demo-v1.1
R001011,O005934,2026-09-05T19:58:09,,pending,581166,demo-v1.1
R001012,O005938,2026-03-25T22:53:05,2026-03-26T21:53:05,success,1308921,demo-v1.1
R001013,O005939,2026-04-03T09:16:51,2026-04-03T14:16:51,success,263741,demo-v1.1
R001014,O005940,2026-05-10T02:50:17,2026-05-10T19:50:17,success,693713,demo-v1.1
R001015,O005959,2026-06-26T15:58:16,2026-06-28T03:58:16,success,805827,demo-v1.1
R001016,O005960,2026-02-19T03:35:01,2026-02-21T04:35:01,success,172905,demo-v1.1
R001017,O005961,2026-09-13T23:17:18,2026-09-16T17:17:18,success,461144,demo-v1.1
R001018,O005961,2026-09-16T17:18:18,2026-09-19T09:18:18,success,598983,demo-v1.1
R001019,O005978,2026-06-27T18:45:17,2026-06-28T07:45:17,success,177897,demo-v1.1
R001020,O005986,2026-07-01T21:54:37,2026-07-02T01:54:37,success,1185202,demo-v1.1
R001021,O005986,2026-07-02T01:55:37,2026-07-04T22:55:37,success,250872,demo-v1.1
R001022,O006002,2026-09-20T17:39:17,2026-09-22T23:39:17,success,32427,demo-v1.1
R001023,O006002,2026-09-22T23:40:17,2026-09-25T22:40:17,success,140367,demo-v1.1
R001024,O006006,2026-09-13T12:41:15,2026-09-14T02:41:15,success,72105,demo-v1.1
R001025,O006012,2026-09-30T23:59:59,2026-09-30T23:59:59,success,283785,demo-v1.1
R001026,O006034,2026-03-30T20:46:56,,pending,334148,demo-v1.1
R001027,O006036,2026-08-14T07:30:37,2026-08-16T14:30:37,success,45358,demo-v1.1
R001028,O006036,2026-08-16T14:31:37,2026-08-17T21:31:37,success,661825,demo-v1.1
R001029,O006046,2026-07-13T19:19:21,2026-07-16T07:19:21,success,552188,demo-v1.1
R001030,O006058,2026-08-13T13:58:48,2026-08-13T19:58:48,success,461439,demo-v1.1
R001031,O006061,2026-04-18T23:50:24,2026-04-21T11:50:24,success,1185908,demo-v1.1
R001032,O006062,2026-06-04T11:59:15,2026-06-06T16:59:15,success,105662,demo-v1.1
R001033,O006066,2026-09-21T18:07:15,2026-09-23T18:07:15,success,913210,demo-v1.1
R001034,O006069,2026-08-03T22:09:05,2026-08-06T22:09:05,success,134455,demo-v1.1
R001035,O006070,2026-09-30T23:59:59,2026-09-30T23:59:59,success,160796,demo-v1.1
R001036,O006071,2026-09-30T23:59:59,2026-09-30T23:59:59,success,1262378,demo-v1.1
R001037,O006083,2026-04-23T05:32:24,2026-04-24T13:32:24,success,694476,demo-v1.1
R001038,O006088,2026-09-15T08:34:44,2026-09-18T08:34:44,success,11491,demo-v1.1
R001039,O006092,2026-01-10T17:59:58,2026-01-13T11:59:58,success,150144,demo-v1.1
R001040,O006093,2026-02-08T18:58:01,2026-02-11T11:58:01,success,25908,demo-v1.1
R001041,O006093,2026-02-11T11:59:01,2026-02-11T13:59:01,success,28527,demo-v1.1
R001042,O006099,2026-06-08T09:20:24,2026-06-08T22:20:24,success,1122248,demo-v1.1
R001043,O006112,2026-03-21T23:39:48,2026-03-22T05:39:48,success,80101,demo-v1.1
R001044,O006112,2026-03-22T05:40:48,2026-03-23T10:40:48,success,165464,demo-v1.1
R001045,O006116,2026-06-27T18:18:35,2026-06-29T00:18:35,success,140030,demo-v1.1
R001046,O006118,2026-06-11T14:10:37,2026-06-12T00:10:37,success,1514481,demo-v1.1
R001047,O006140,2026-06-15T05:57:33,2026-06-15T17:57:33,success,116870,demo-v1.1
R001048,O006168,2026-09-08T08:01:15,2026-09-10T15:01:15,success,1091002,demo-v1.1
R001049,O006179,2026-06-23T11:57:09,,failed,771953,demo-v1.1
R001050,O006180,2026-02-06T17:49:28,2026-02-09T00:49:28,success,202218,demo-v1.1
R001051,O006202,2026-07-17T05:49:46,2026-07-18T10:49:46,success,520726,demo-v1.1
R001052,O006206,2026-04-27T22:11:18,2026-04-28T14:11:18,success,77776,demo-v1.1
R001053,O006212,2026-09-03T01:29:07,2026-09-05T16:29:07,success,951704,demo-v1.1
R001054,O006218,2026-09-30T23:59:59,2026-09-30T23:59:59,success,361897,demo-v1.1
R001055,O006222,2026-09-06T12:21:33,2026-09-06T20:21:33,success,1280068,demo-v1.1
R001056,O006224,2026-03-03T22:59:59,2026-03-05T21:59:59,success,1489625,demo-v1.1
R001057,O006227,2026-09-30T23:59:59,2026-09-30T23:59:59,success,259904,demo-v1.1
R001058,O006245,2026-04-24T00:02:43,2026-04-26T16:02:43,success,271573,demo-v1.1
R001059,O006253,2026-07-12T01:33:21,2026-07-12T09:33:21,success,406648,demo-v1.1
R001060,O006284,2026-08-03T13:50:11,2026-08-04T09:50:11,success,98155,demo-v1.1
R001061,O006310,2026-07-05T03:57:54,2026-07-08T02:57:54,success,262944,demo-v1.1
R001062,O006319,2026-01-21T18:35:08,2026-01-24T02:35:08,success,437580,demo-v1.1
R001063,O006320,2026-02-23T19:29:04,2026-02-24T20:29:04,success,1385077,demo-v1.1
R001064,O006321,2026-01-30T21:03:40,2026-02-01T09:03:40,success,29995,demo-v1.1
R001065,O006321,2026-02-01T09:04:40,,pending,27553,demo-v1.1
R001066,O006323,2026-04-29T15:20:27,2026-04-29T18:20:27,success,438377,demo-v1.1
R001067,O006324,2026-01-23T19:47:01,2026-01-24T15:47:01,success,781973,demo-v1.1
R001068,O006331,2026-02-06T09:26:37,2026-02-06T12:26:37,success,312810,demo-v1.1
R001069,O006336,2026-03-30T18:33:47,2026-04-01T18:33:47,success,1035515,demo-v1.1
R001070,O006344,2026-04-04T16:10:21,2026-04-05T14:10:21,success,161237,demo-v1.1
R001071,O006344,2026-04-05T14:11:21,2026-04-06T07:11:21,success,183422,demo-v1.1
R001072,O006349,2026-09-01T14:25:12,2026-09-02T22:25:12,success,75630,demo-v1.1
R001073,O006370,2026-01-07T00:03:45,2026-01-07T01:03:45,success,53458,demo-v1.1
R001074,O006381,2026-08-29T03:07:05,2026-08-30T06:07:05,success,108641,demo-v1.1
R001075,O006382,2026-08-14T05:08:30,2026-08-14T06:08:30,success,1155491,demo-v1.1
R001076,O006383,2026-02-25T02:00:35,2026-02-27T05:00:35,success,58236,demo-v1.1
R001077,O006384,2026-05-10T09:00:58,2026-05-12T00:00:58,success,74952,demo-v1.1
R001078,O006394,2026-08-26T16:00:46,2026-08-27T15:00:46,success,134675,demo-v1.1
R001079,O006396,2026-07-01T11:33:11,,failed,842322,demo-v1.1
R001080,O006398,2026-07-29T17:45:05,2026-08-01T02:45:05,success,563944,demo-v1.1
R001081,O006400,2026-09-30T23:59:59,2026-09-30T23:59:59,success,17605,demo-v1.1
R001082,O006400,2026-09-30T23:59:59,2026-09-30T23:59:59,success,294620,demo-v1.1
R001083,O006410,2026-01-23T10:56:44,2026-01-23T21:56:44,success,619612,demo-v1.1
R001084,O006419,2026-09-05T00:53:59,2026-09-05T06:53:59,success,746069,demo-v1.1
R001085,O006421,2026-06-23T13:10:26,2026-06-25T23:10:26,success,755951,demo-v1.1
R001086,O006427,2026-06-28T08:26:38,2026-06-30T07:26:38,success,1392777,demo-v1.1
R001087,O006430,2026-08-09T11:03:34,2026-08-11T21:03:34,success,4707,demo-v1.1
R001088,O006437,2026-05-20T12:24:19,2026-05-21T12:24:19,success,780213,demo-v1.1
R001089,O006442,2026-08-21T12:24:09,2026-08-22T14:24:09,success,299946,demo-v1.1
R001090,O006451,2026-02-27T03:09:34,2026-03-02T00:09:34,success,627040,demo-v1.1
R001091,O006455,2026-07-17T22:17:27,2026-07-19T20:17:27,success,135421,demo-v1.1
R001092,O006458,2026-09-26T12:14:24,2026-09-28T14:14:24,success,629745,demo-v1.1
R001093,O006459,2026-05-12T10:00:51,2026-05-13T03:00:51,success,699608,demo-v1.1
R001094,O006465,2026-06-16T02:04:37,2026-06-18T08:04:37,success,112937,demo-v1.1
R001095,O006467,2026-04-11T19:49:24,,failed,236421,demo-v1.1
R001096,O006471,2026-08-07T20:33:36,2026-08-09T11:33:36,success,387852,demo-v1.1
R001097,O006478,2026-07-08T08:25:39,,pending,769807,demo-v1.1
R001098,O006481,2026-03-02T10:34:26,2026-03-04T08:34:26,success,441844,demo-v1.1
R001099,O006493,2026-01-30T13:02:01,2026-02-01T03:02:01,success,581121,demo-v1.1
R001100,O006503,2026-03-12T09:54:24,2026-03-13T17:54:24,success,128486,demo-v1.1
R001101,O006520,2026-08-22T18:21:01,2026-08-24T13:21:01,success,548463,demo-v1.1
R001102,O006523,2026-07-21T01:04:50,,pending,196197,demo-v1.1
R001103,O006531,2026-04-05T00:28:59,2026-04-06T01:28:59,success,932303,demo-v1.1
R001104,O006531,2026-04-06T01:29:59,,failed,142421,demo-v1.1
R001105,O006547,2026-09-06T06:12:49,2026-09-07T23:12:49,success,397879,demo-v1.1
R001106,O006548,2026-04-21T12:48:33,2026-04-22T12:48:33,success,66924,demo-v1.1
R001107,O006553,2026-09-02T14:12:53,2026-09-03T09:12:53,success,96135,demo-v1.1
R001108,O006555,2026-03-02T21:08:35,2026-03-05T01:08:35,success,175721,demo-v1.1
R001109,O006569,2026-06-21T08:32:20,2026-06-22T22:32:20,success,1188177,demo-v1.1
R001110,O006604,2026-09-23T08:00:44,2026-09-23T18:00:44,success,196517,demo-v1.1
R001111,O006611,2026-09-30T23:59:59,2026-09-30T23:59:59,success,9918,demo-v1.1
R001112,O006611,2026-09-30T23:59:59,2026-09-30T23:59:59,success,24928,demo-v1.1
R001113,O006621,2026-09-20T04:54:45,,pending,374420,demo-v1.1
R001114,O006631,2026-04-11T02:20:05,,failed,908724,demo-v1.1
R001115,O006634,2026-03-09T20:16:10,2026-03-10T10:16:10,success,27005,demo-v1.1
R001116,O006634,2026-03-10T10:17:10,2026-03-13T09:17:10,success,94043,demo-v1.1
R001117,O006635,2026-09-30T23:59:59,2026-09-30T23:59:59,success,684738,demo-v1.1
R001118,O006636,2026-03-20T07:43:46,2026-03-22T01:43:46,success,1536950,demo-v1.1
R001119,O006642,2026-08-31T17:33:05,2026-09-01T09:33:05,success,152164,demo-v1.1
R001120,O006643,2026-06-27T14:53:31,2026-06-29T11:53:31,success,740863,demo-v1.1
R001121,O006650,2026-09-17T04:27:27,2026-09-18T12:27:27,success,34542,demo-v1.1
R001122,O006653,2026-03-29T03:57:35,2026-03-29T19:57:35,success,801870,demo-v1.1
R001123,O006654,2026-05-13T00:12:13,2026-05-13T16:12:13,success,122352,demo-v1.1
R001124,O006657,2026-04-11T02:32:26,2026-04-12T21:32:26,success,886243,demo-v1.1
R001125,O006667,2026-09-30T23:59:59,2026-09-30T23:59:59,success,310350,demo-v1.1
R001126,O006671,2026-01-17T06:02:46,2026-01-18T19:02:46,success,76275,demo-v1.1
R001127,O006679,2026-06-29T23:15:10,2026-07-02T20:15:10,success,161556,demo-v1.1
R001128,O006680,2026-08-19T22:25:00,,failed,472508,demo-v1.1
R001129,O006680,2026-08-21T20:26:00,,failed,230382,demo-v1.1
R001130,O006684,2026-03-30T07:07:31,2026-04-01T00:07:31,success,221833,demo-v1.1
R001131,O006686,2026-09-23T14:59:54,2026-09-25T13:59:54,success,926343,demo-v1.1
R001132,O006693,2026-09-30T23:59:59,2026-09-30T23:59:59,success,317459,demo-v1.1
R001133,O006702,2026-07-16T19:52:06,2026-07-18T13:52:06,success,1155619,demo-v1.1
R001134,O006705,2026-01-11T16:00:02,2026-01-14T16:00:02,success,127840,demo-v1.1
R001135,O006728,2026-03-20T09:51:46,2026-03-22T10:51:46,success,184651,demo-v1.1
R001136,O006744,2026-03-12T14:37:40,2026-03-13T04:37:40,success,931393,demo-v1.1
R001137,O006744,2026-03-13T04:38:40,2026-03-13T12:38:40,success,11336,demo-v1.1
R001138,O006746,2026-02-20T17:51:16,,pending,435450,demo-v1.1
R001139,O006750,2026-02-02T13:10:49,2026-02-03T05:10:49,success,548955,demo-v1.1
R001140,O006753,2026-05-22T11:26:16,2026-05-23T21:26:16,success,81324,demo-v1.1
R001141,O006758,2026-08-11T18:01:00,,failed,219840,demo-v1.1
R001142,O006760,2026-03-10T13:43:25,2026-03-10T15:43:25,success,33585,demo-v1.1
R001143,O006761,2026-03-30T12:24:24,2026-03-31T06:24:24,success,577402,demo-v1.1
R001144,O006761,2026-03-31T06:25:24,2026-04-02T21:25:24,success,404129,demo-v1.1
R001145,O006762,2026-07-15T17:53:53,,pending,106745,demo-v1.1
R001146,O006764,2026-03-09T07:11:19,2026-03-09T12:11:19,success,355894,demo-v1.1
R001147,O006785,2026-03-11T19:30:43,2026-03-13T01:30:43,success,868355,demo-v1.1
R001148,O006795,2026-06-11T04:47:28,2026-06-12T08:47:28,success,706072,demo-v1.1
R001149,O006802,2026-05-09T00:04:10,2026-05-09T05:04:10,success,428549,demo-v1.1
R001150,O006813,2026-06-28T16:02:07,2026-07-01T09:02:07,success,120778,demo-v1.1
R001151,O006818,2026-04-03T01:52:08,,failed,218066,demo-v1.1
R001152,O006824,2026-09-24T16:07:11,2026-09-27T01:07:11,success,885169,demo-v1.1
R001153,O006835,2026-04-24T08:29:28,2026-04-26T04:29:28,success,74611,demo-v1.1
R001154,O006839,2026-08-02T00:46:01,2026-08-04T21:46:01,success,392431,demo-v1.1
R001155,O006843,2026-09-01T10:36:28,2026-09-03T06:36:28,success,890539,demo-v1.1
R001156,O006853,2026-04-20T07:30:42,2026-04-21T13:30:42,success,52913,demo-v1.1
R001157,O006853,2026-04-21T13:31:42,,pending,356824,demo-v1.1
R001158,O006863,2026-05-05T18:21:45,2026-05-07T03:21:45,success,493417,demo-v1.1
R001159,O006869,2026-02-11T10:24:49,2026-02-11T11:24:49,success,50169,demo-v1.1
R001160,O006873,2026-09-13T22:10:24,2026-09-16T03:10:24,success,749885,demo-v1.1
R001161,O006879,2026-01-27T02:06:00,2026-01-28T09:06:00,success,569384,demo-v1.1
R001162,O006879,2026-01-28T09:07:00,2026-01-30T00:07:00,success,771742,demo-v1.1
R001163,O006881,2026-07-03T15:15:52,2026-07-04T20:15:52,success,866068,demo-v1.1
R001164,O006881,2026-07-04T20:16:52,2026-07-06T03:16:52,success,6866,demo-v1.1
R001165,O006885,2026-09-15T19:10:45,2026-09-17T20:10:45,success,6124,demo-v1.1
R001166,O006890,2026-06-04T04:14:08,2026-06-04T21:14:08,success,571561,demo-v1.1
R001167,O006893,2026-05-08T16:34:12,2026-05-08T22:34:12,success,400762,demo-v1.1
R001168,O006898,2026-08-26T02:54:13,2026-08-28T08:54:13,success,111106,demo-v1.1
R001169,O006899,2026-03-15T11:48:42,2026-03-17T07:48:42,success,96353,demo-v1.1
R001170,O006899,2026-03-17T07:49:42,2026-03-18T08:49:42,success,19071,demo-v1.1
R001171,O006908,2026-05-26T18:20:51,2026-05-27T05:20:51,success,40293,demo-v1.1
R001172,O006913,2026-05-15T10:08:51,,failed,47227,demo-v1.1
R001173,O006922,2026-08-25T02:11:44,2026-08-25T07:11:44,success,36268,demo-v1.1
R001174,O006929,2026-03-21T08:02:25,2026-03-22T17:02:25,success,937999,demo-v1.1
R001175,O006933,2026-05-07T11:53:09,2026-05-08T13:53:09,success,1827617,demo-v1.1
R001176,O006935,2026-08-31T21:16:13,2026-09-01T18:16:13,success,75132,demo-v1.1
R001177,O006935,2026-09-01T18:17:13,2026-09-02T14:17:13,success,8292,demo-v1.1
R001178,O006936,2026-08-04T19:16:43,2026-08-07T09:16:43,success,93603,demo-v1.1
R001179,O006944,2026-08-02T16:41:37,2026-08-03T12:41:37,success,293095,demo-v1.1
R001180,O006948,2026-09-29T19:06:30,2026-09-29T23:06:30,success,775219,demo-v1.1
R001181,O006954,2026-05-20T00:36:27,2026-05-22T04:36:27,success,863335,demo-v1.1
R001182,O006970,2026-04-13T13:59:05,2026-04-16T13:59:05,success,58930,demo-v1.1
R001183,O006972,2026-01-08T07:31:03,2026-01-09T18:31:03,success,40870,demo-v1.1
R001184,O006988,2026-06-03T18:00:49,2026-06-05T02:00:49,success,12087,demo-v1.1
R001185,O006990,2026-02-08T05:52:45,2026-02-10T01:52:45,success,894411,demo-v1.1
R001186,O006995,2026-06-30T05:10:48,2026-07-01T21:10:48,success,1279701,demo-v1.1
R001187,O007002,2026-02-03T18:28:19,2026-02-03T20:28:19,success,1128511,demo-v1.1
R001188,O007005,2026-01-09T07:00:49,2026-01-10T03:00:49,success,111780,demo-v1.1
R001189,O007030,2026-06-16T01:04:08,,failed,1574093,demo-v1.1
R001190,O007032,2026-02-09T00:47:13,2026-02-10T07:47:13,success,324625,demo-v1.1
R001191,O007034,2026-02-21T03:41:26,2026-02-23T02:41:26,success,416858,demo-v1.1
R001192,O007043,2026-02-13T14:31:00,2026-02-16T13:31:00,success,800554,demo-v1.1
R001193,O007047,2026-03-02T01:54:33,2026-03-03T20:54:33,success,268102,demo-v1.1
R001194,O007049,2026-01-17T03:07:18,2026-01-18T08:07:18,success,66338,demo-v1.1
R001195,O007053,2026-07-09T16:09:06,2026-07-12T10:09:06,success,1118202,demo-v1.1
R001196,O007068,2026-06-15T10:55:31,2026-06-18T06:55:31,success,1305635,demo-v1.1
R001197,O007071,2026-04-23T18:25:49,,failed,321387,demo-v1.1
R001198,O007089,2026-01-20T16:37:27,2026-01-22T21:37:27,success,42118,demo-v1.1
R001199,O007094,2026-04-16T15:29:04,2026-04-17T11:29:04,success,74074,demo-v1.1
R001200,O007109,2026-04-19T12:33:21,2026-04-20T00:33:21,success,868304,demo-v1.1
R001201,O007112,2026-09-30T23:59:59,2026-09-30T23:59:59,success,888872,demo-v1.1
R001202,O007117,2026-07-19T21:39:24,2026-07-20T05:39:24,success,377634,demo-v1.1
R001203,O007123,2026-09-30T23:59:59,2026-09-30T23:59:59,success,432945,demo-v1.1
R001204,O007129,2026-07-17T06:52:00,2026-07-19T21:52:00,success,2434,demo-v1.1
R001205,O007129,2026-07-19T21:53:00,2026-07-22T16:53:00,success,2479,demo-v1.1
R001206,O007133,2026-01-18T16:49:35,2026-01-21T00:49:35,success,1166936,demo-v1.1
R001207,O007140,2026-06-02T21:16:14,,failed,20424,demo-v1.1
R001208,O007145,2026-03-12T04:06:18,2026-03-13T00:06:18,success,10701,demo-v1.1
R001209,O007164,2026-09-20T10:56:44,2026-09-21T19:56:44,success,35201,demo-v1.1
R001210,O007174,2026-09-26T03:50:32,2026-09-26T14:50:32,success,472820,demo-v1.1
R001211,O007175,2026-04-21T23:35:20,2026-04-22T23:35:20,success,1199646,demo-v1.1
R001212,O007184,2026-01-27T23:12:53,2026-01-30T13:12:53,success,197822,demo-v1.1
R001213,O007185,2026-09-30T23:59:59,2026-09-30T23:59:59,success,857942,demo-v1.1
R001214,O007188,2026-04-03T10:43:15,2026-04-06T03:43:15,success,438797,demo-v1.1
R001215,O007197,2026-08-10T06:36:33,,failed,779442,demo-v1.1
R001216,O007214,2026-08-08T12:22:07,2026-08-08T22:22:07,success,774934,demo-v1.1
R001217,O007214,2026-08-08T22:23:07,2026-08-10T23:23:07,success,109434,demo-v1.1
R001218,O007225,2026-09-30T23:59:59,2026-09-30T23:59:59,success,268899,demo-v1.1
R001219,O007225,2026-09-30T23:59:59,2026-09-30T23:59:59,success,240796,demo-v1.1
R001220,O007239,2026-03-12T07:10:46,2026-03-14T08:10:46,success,477918,demo-v1.1
R001221,O007246,2026-06-14T22:23:56,,failed,296101,demo-v1.1
R001222,O007257,2026-06-20T08:10:10,2026-06-23T05:10:10,success,527130,demo-v1.1
R001223,O007263,2026-04-30T04:00:29,2026-04-30T18:00:29,success,767158,demo-v1.1
R001224,O007265,2026-03-07T09:45:29,2026-03-09T23:45:29,success,821772,demo-v1.1
R001225,O007276,2026-01-11T13:30:02,2026-01-14T13:30:02,success,1118270,demo-v1.1
R001226,O007280,2026-05-28T20:42:16,2026-05-31T12:42:16,success,23663,demo-v1.1
R001227,O007280,2026-05-31T12:43:16,2026-06-01T21:43:16,success,48686,demo-v1.1
R001228,O007282,2026-02-12T02:55:28,2026-02-13T19:55:28,success,756583,demo-v1.1
R001229,O007290,2026-03-24T00:59:23,2026-03-26T16:59:23,success,160791,demo-v1.1
R001230,O007301,2026-07-27T01:03:30,2026-07-27T07:03:30,success,723033,demo-v1.1
R001231,O007303,2026-09-03T09:32:49,2026-09-04T01:32:49,success,790837,demo-v1.1
R001232,O007315,2026-03-31T16:15:55,2026-04-01T09:15:55,success,515911,demo-v1.1
R001233,O007319,2026-06-04T15:50:56,2026-06-05T02:50:56,success,8796,demo-v1.1
R001234,O007322,2026-04-16T21:28:40,2026-04-19T20:28:40,success,73391,demo-v1.1
R001235,O007327,2026-01-23T16:49:05,2026-01-26T13:49:05,success,123722,demo-v1.1
R001236,O007328,2026-01-28T20:43:15,2026-01-31T19:43:15,success,1491608,demo-v1.1
R001237,O007331,2026-08-07T11:22:50,2026-08-09T23:22:50,success,414140,demo-v1.1
R001238,O007337,2026-01-12T20:36:59,2026-01-15T08:36:59,success,46007,demo-v1.1
R001239,O007351,2026-05-23T06:56:46,2026-05-25T12:56:46,success,1412331,demo-v1.1
R001240,O007352,2026-05-11T11:01:48,2026-05-12T23:01:48,success,329373,demo-v1.1
R001241,O007353,2026-07-22T06:56:14,2026-07-24T17:56:14,success,574730,demo-v1.1
R001242,O007363,2026-07-15T11:14:51,,failed,69709,demo-v1.1
R001243,O007364,2026-03-15T17:24:11,2026-03-17T03:24:11,success,800580,demo-v1.1
R001244,O007372,2026-02-11T18:33:15,2026-02-14T15:33:15,success,4554,demo-v1.1
R001245,O007372,2026-02-14T15:34:15,2026-02-16T07:34:15,success,140051,demo-v1.1
R001246,O007383,2026-05-24T03:43:35,2026-05-26T14:43:35,success,555,demo-v1.1
R001247,O007383,2026-05-26T14:44:35,2026-05-27T10:44:35,success,2024,demo-v1.1
R001248,O007385,2026-08-02T09:24:41,2026-08-03T11:24:41,success,30046,demo-v1.1
R001249,O007385,2026-08-03T11:25:41,2026-08-04T21:25:41,success,68281,demo-v1.1
R001250,O007389,2026-09-30T23:59:59,2026-09-30T23:59:59,success,1642,demo-v1.1
R001251,O007391,2026-09-27T00:28:00,2026-09-30T00:28:00,success,1181240,demo-v1.1
R001252,O007403,2026-02-28T10:02:40,2026-03-01T01:02:40,success,124478,demo-v1.1
R001253,O007408,2026-08-03T08:27:24,2026-08-05T11:27:24,success,658890,demo-v1.1
R001254,O007410,2026-06-29T22:17:55,2026-07-01T07:17:55,success,250777,demo-v1.1
R001255,O007422,2026-02-08T08:37:39,2026-02-09T09:37:39,success,261198,demo-v1.1
R001256,O007443,2026-09-09T23:51:11,2026-09-12T14:51:11,success,297262,demo-v1.1
R001257,O007447,2026-02-08T16:28:32,2026-02-10T17:28:32,success,109320,demo-v1.1
R001258,O007447,2026-02-10T17:29:32,2026-02-12T22:29:32,success,25769,demo-v1.1
R001259,O007451,2026-04-23T00:25:40,,failed,357730,demo-v1.1
R001260,O007452,2026-05-19T16:11:41,,pending,31036,demo-v1.1
R001261,O007452,2026-05-21T07:12:41,2026-05-22T21:12:41,success,13784,demo-v1.1
R001262,O007453,2026-07-22T12:15:25,2026-07-23T12:15:25,success,36445,demo-v1.1
R001263,O007453,2026-07-23T12:16:25,2026-07-26T06:16:25,success,798756,demo-v1.1
R001264,O007458,2026-06-16T18:11:56,2026-06-17T23:11:56,success,212800,demo-v1.1
R001265,O007459,2026-09-13T21:36:26,2026-09-14T03:36:26,success,171929,demo-v1.1
R001266,O007460,2026-02-06T15:43:21,2026-02-09T03:43:21,success,6712,demo-v1.1
R001267,O007462,2026-03-09T19:35:13,2026-03-10T16:35:13,success,242106,demo-v1.1
R001268,O007471,2026-08-15T14:35:57,2026-08-17T11:35:57,success,71359,demo-v1.1
R001269,O007473,2026-04-30T10:12:03,2026-05-02T00:12:03,success,637358,demo-v1.1
R001270,O007480,2026-09-07T22:57:34,2026-09-08T06:57:34,success,1833267,demo-v1.1
R001271,O007483,2026-01-22T23:29:40,,failed,122951,demo-v1.1
R001272,O007484,2026-03-11T03:53:38,2026-03-12T22:53:38,success,30062,demo-v1.1
R001273,O007488,2026-01-29T14:48:46,2026-01-30T01:48:46,success,1907220,demo-v1.1
R001274,O007489,2026-05-06T10:16:51,2026-05-07T16:16:51,success,1052972,demo-v1.1
R001275,O007501,2026-09-26T12:56:01,2026-09-27T21:56:01,success,472823,demo-v1.1
R001276,O007504,2026-08-14T14:33:23,2026-08-17T13:33:23,success,626467,demo-v1.1
R001277,O007506,2026-05-15T19:18:14,2026-05-16T11:18:14,success,1090607,demo-v1.1
R001278,O007513,2026-05-30T06:23:39,2026-05-30T09:23:39,success,579391,demo-v1.1
R001279,O007531,2026-02-02T03:02:42,2026-02-04T03:02:42,success,264110,demo-v1.1
R001280,O007549,2026-06-30T12:03:48,2026-07-03T09:03:48,success,244323,demo-v1.1
R001281,O007551,2026-06-20T10:00:01,2026-06-23T00:00:01,success,198667,demo-v1.1
R001282,O007566,2026-03-24T16:41:27,2026-03-26T04:41:27,success,1009005,demo-v1.1
R001283,O007568,2026-02-01T16:43:07,2026-02-03T18:43:07,success,649678,demo-v1.1
R001284,O007570,2026-02-19T21:16:12,2026-02-22T03:16:12,success,768772,demo-v1.1
R001285,O007579,2026-06-12T17:15:11,2026-06-15T17:15:11,success,826197,demo-v1.1
R001286,O007585,2026-09-23T23:41:39,2026-09-26T00:41:39,success,517903,demo-v1.1
R001287,O007590,2026-03-14T11:24:56,2026-03-15T10:24:56,success,114108,demo-v1.1
R001288,O007598,2026-02-06T17:15:47,2026-02-06T18:15:47,success,84542,demo-v1.1
R001289,O007599,2026-09-29T03:56:52,2026-09-30T08:56:52,success,267201,demo-v1.1
R001290,O007600,2026-05-14T14:23:19,2026-05-16T10:23:19,success,299925,demo-v1.1
R001291,O007606,2026-03-11T22:59:06,2026-03-12T13:59:06,success,7778,demo-v1.1
R001292,O007606,2026-03-12T14:00:06,2026-03-15T10:00:06,success,4776,demo-v1.1
R001293,O007613,2026-06-27T07:56:51,2026-06-29T09:56:51,success,906110,demo-v1.1
R001294,O007628,2026-09-30T23:59:59,2026-09-30T23:59:59,success,1636662,demo-v1.1
R001295,O007632,2026-09-30T23:59:59,2026-09-30T23:59:59,success,717452,demo-v1.1
R001296,O007633,2026-05-06T17:56:16,2026-05-07T04:56:16,success,6434,demo-v1.1
R001297,O007636,2026-07-01T05:02:20,2026-07-01T22:02:20,success,383082,demo-v1.1
R001298,O007638,2026-09-02T23:11:46,,failed,224839,demo-v1.1
R001299,O007638,2026-09-03T00:12:46,,pending,345539,demo-v1.1
R001300,O007641,2026-03-26T16:53:47,2026-03-26T18:53:47,success,552807,demo-v1.1
R001301,O007645,2026-01-19T00:02:59,,pending,1175673,demo-v1.1
R001302,O007646,2026-09-30T23:59:59,,failed,32787,demo-v1.1
R001303,O007673,2026-01-31T06:12:04,2026-02-02T17:12:04,success,586,demo-v1.1
R001304,O007674,2026-04-24T01:59:03,2026-04-25T11:59:03,success,405362,demo-v1.1
R001305,O007677,2026-01-24T14:10:45,,pending,985069,demo-v1.1
R001306,O007680,2026-07-09T18:12:11,2026-07-10T05:12:11,success,100112,demo-v1.1
R001307,O007681,2026-06-07T13:00:06,2026-06-10T07:00:06,success,49713,demo-v1.1
R001308,O007682,2026-07-13T18:17:26,2026-07-16T13:17:26,success,1921,demo-v1.1
R001309,O007693,2026-02-03T23:54:20,,failed,510711,demo-v1.1
R001310,O007732,2026-02-20T00:46:56,2026-02-20T08:46:56,success,171900,demo-v1.1
R001311,O007732,2026-02-20T08:47:56,2026-02-22T11:47:56,success,728585,demo-v1.1
R001312,O007744,2026-07-23T14:03:14,,pending,272640,demo-v1.1
R001313,O007747,2026-07-20T14:52:06,2026-07-21T06:52:06,success,153515,demo-v1.1
R001314,O007748,2026-08-20T05:27:28,2026-08-22T23:27:28,success,552308,demo-v1.1
R001315,O007759,2026-07-21T19:02:30,2026-07-24T10:02:30,success,217681,demo-v1.1
R001316,O007760,2026-02-19T02:22:29,,failed,11755,demo-v1.1
R001317,O007760,2026-02-21T07:23:29,2026-02-21T12:23:29,success,44762,demo-v1.1
R001318,O007765,2026-06-15T10:41:05,2026-06-17T12:41:05,success,331101,demo-v1.1
R001319,O007767,2026-04-22T01:46:56,2026-04-23T13:46:56,success,214286,demo-v1.1
R001320,O007767,2026-04-23T13:47:56,2026-04-25T16:47:56,success,487195,demo-v1.1
R001321,O007774,2026-02-05T22:02:32,2026-02-06T20:02:32,success,1131560,demo-v1.1
R001322,O007783,2026-08-13T07:35:49,2026-08-13T10:35:49,success,300368,demo-v1.1
R001323,O007789,2026-09-06T21:04:14,2026-09-09T14:04:14,success,719143,demo-v1.1
R001324,O007792,2026-02-13T00:44:56,2026-02-15T21:44:56,success,604576,demo-v1.1
R001325,O007801,2026-09-27T22:59:14,2026-09-30T16:59:14,success,425805,demo-v1.1
R001326,O007821,2026-09-30T23:59:59,2026-09-30T23:59:59,success,294541,demo-v1.1
R001327,O007834,2026-05-07T04:41:24,2026-05-08T18:41:24,success,259223,demo-v1.1
R001328,O007851,2026-08-31T16:53:36,,pending,1330018,demo-v1.1
R001329,O007859,2026-02-10T10:37:38,2026-02-10T13:37:38,success,711227,demo-v1.1
R001330,O007859,2026-02-10T13:38:38,2026-02-13T01:38:38,success,476256,demo-v1.1
R001331,O007865,2026-03-29T09:38:20,2026-03-29T16:38:20,success,680091,demo-v1.1
R001332,O007865,2026-03-29T16:39:20,,failed,87857,demo-v1.1
R001333,O007867,2026-08-15T10:03:45,2026-08-16T10:03:45,success,8809,demo-v1.1
R001334,O007898,2026-09-08T12:20:24,2026-09-09T14:20:24,success,769579,demo-v1.1
R001335,O007899,2026-05-10T02:58:53,2026-05-12T19:58:53,success,596085,demo-v1.1
R001336,O007901,2026-07-18T15:28:10,,failed,1489937,demo-v1.1
R001337,O007921,2026-02-09T13:55:37,2026-02-12T08:55:37,success,206654,demo-v1.1
R001338,O007923,2026-01-08T13:25:06,2026-01-09T06:25:06,success,1783160,demo-v1.1
R001339,O007925,2026-04-18T05:22:11,2026-04-19T18:22:11,success,384939,demo-v1.1
R001340,O007927,2026-08-11T06:01:32,2026-08-12T20:01:32,success,380978,demo-v1.1
R001341,O007929,2026-09-30T23:59:59,2026-09-30T23:59:59,success,1036823,demo-v1.1
R001342,O007931,2026-07-25T21:31:13,2026-07-25T23:31:13,success,1070467,demo-v1.1
R001343,O007933,2026-03-08T23:31:50,2026-03-11T14:31:50,success,523480,demo-v1.1
R001344,O007953,2026-06-16T07:42:15,2026-06-18T18:42:15,success,89914,demo-v1.1
R001345,O007953,2026-06-18T18:43:15,2026-06-19T16:43:15,success,20896,demo-v1.1
R001346,O007955,2026-01-25T06:35:29,2026-01-26T01:35:29,success,43287,demo-v1.1
R001347,O007964,2026-04-15T00:05:30,2026-04-16T05:05:30,success,188067,demo-v1.1
R001348,O007965,2026-03-03T03:51:48,2026-03-04T20:51:48,success,203728,demo-v1.1
R001349,O007969,2026-03-03T17:29:39,,failed,74019,demo-v1.1
R001350,O007969,2026-03-04T12:30:39,,pending,597490,demo-v1.1
R001351,O007972,2026-09-20T20:00:04,2026-09-22T05:00:04,success,1017375,demo-v1.1
R001352,O007973,2026-01-21T07:03:01,,pending,910455,demo-v1.1
R001353,O007974,2026-05-24T12:55:48,2026-05-25T19:55:48,success,112211,demo-v1.1
R001354,O007974,2026-05-25T19:56:48,2026-05-28T10:56:48,success,243844,demo-v1.1
R001355,O007976,2026-04-17T12:17:11,2026-04-18T03:17:11,success,475485,demo-v1.1
R001356,O007977,2026-08-26T19:46:14,2026-08-28T16:46:14,success,11467,demo-v1.1
R001357,O007984,2026-07-14T07:41:53,2026-07-16T14:41:53,success,243731,demo-v1.1
R001358,O007984,2026-07-16T14:42:53,2026-07-18T10:42:53,success,449291,demo-v1.1
R001359,O007987,2026-02-28T22:28:14,2026-03-02T12:28:14,success,580079,demo-v1.1
R001360,O007996,2026-04-08T19:46:44,2026-04-11T17:46:44,success,1138373,demo-v1.1
R001361,O007997,2026-07-29T04:47:23,,failed,172310,demo-v1.1
R001362,O008026,2026-05-29T00:34:36,2026-05-30T15:34:36,success,810750,demo-v1.1
R001363,O008031,2026-03-06T03:24:22,2026-03-08T09:24:22,success,1255747,demo-v1.1
R001364,O008031,2026-03-08T09:25:22,2026-03-10T16:25:22,success,422292,demo-v1.1
R001365,O008036,2026-09-30T23:59:59,2026-09-30T23:59:59,success,741037,demo-v1.1
R001366,O008054,2026-09-02T19:08:48,2026-09-05T15:08:48,success,24264,demo-v1.1
R001367,O008054,2026-09-05T15:09:48,,failed,176949,demo-v1.1
R001368,O008056,2026-06-10T20:38:54,2026-06-11T02:38:54,success,152411,demo-v1.1
R001369,O008083,2026-05-16T05:05:33,2026-05-17T21:05:33,success,320666,demo-v1.1
R001370,O008084,2026-05-15T09:44:01,2026-05-16T07:44:01,success,480850,demo-v1.1
R001371,O008089,2026-04-14T06:28:46,2026-04-15T01:28:46,success,339402,demo-v1.1
R001372,O008091,2026-02-13T05:38:26,,failed,1172138,demo-v1.1
R001373,O008100,2026-01-27T18:04:52,2026-01-28T23:04:52,success,921644,demo-v1.1
R001374,O008101,2026-09-30T23:59:59,2026-09-30T23:59:59,success,792781,demo-v1.1
R001375,O008105,2026-09-12T04:40:32,,failed,259534,demo-v1.1
R001376,O008120,2026-08-03T02:52:38,2026-08-04T15:52:38,success,930678,demo-v1.1
R001377,O008137,2026-06-23T16:30:12,2026-06-24T11:30:12,success,191072,demo-v1.1
R001378,O008155,2026-03-05T10:39:32,2026-03-06T14:39:32,success,78183,demo-v1.1
R001379,O008164,2026-05-02T23:28:20,2026-05-05T08:28:20,success,277215,demo-v1.1
R001380,O008168,2026-07-09T14:16:14,2026-07-10T20:16:14,success,868279,demo-v1.1
R001381,O008170,2026-09-19T14:56:18,2026-09-19T18:56:18,success,28719,demo-v1.1
R001382,O008171,2026-08-24T02:59:09,2026-08-25T19:59:09,success,619508,demo-v1.1
R001383,O008173,2026-02-04T08:35:54,2026-02-06T08:35:54,success,736272,demo-v1.1
R001384,O008178,2026-06-22T13:01:46,2026-06-22T17:01:46,success,259045,demo-v1.1
R001385,O008185,2026-08-11T05:48:21,2026-08-13T02:48:21,success,871699,demo-v1.1
R001386,O008191,2026-04-03T21:36:30,2026-04-04T23:36:30,success,151582,demo-v1.1
R001387,O008200,2026-09-15T15:25:52,2026-09-15T18:25:52,success,1256227,demo-v1.1
R001388,O008211,2026-09-30T23:59:59,2026-09-30T23:59:59,success,315064,demo-v1.1
R001389,O008217,2026-09-16T01:04:15,2026-09-18T11:04:15,success,330712,demo-v1.1
R001390,O008224,2026-04-19T21:36:28,2026-04-21T10:36:28,success,3333,demo-v1.1
R001391,O008228,2026-09-07T14:01:39,2026-09-08T09:01:39,success,48448,demo-v1.1
R001392,O008228,2026-09-08T09:02:39,2026-09-09T16:02:39,success,44504,demo-v1.1
R001393,O008233,2026-04-25T23:04:07,2026-04-27T13:04:07,success,425214,demo-v1.1
R001394,O008234,2026-09-11T05:10:40,2026-09-14T05:10:40,success,752696,demo-v1.1
R001395,O008239,2026-09-07T19:57:12,2026-09-09T19:57:12,success,129149,demo-v1.1
R001396,O008241,2026-07-01T19:31:41,2026-07-04T02:31:41,success,1267204,demo-v1.1
R001397,O008251,2026-02-23T11:06:25,2026-02-26T06:06:25,success,195020,demo-v1.1
R001398,O008253,2026-09-24T03:52:51,2026-09-26T04:52:51,success,310079,demo-v1.1
R001399,O008260,2026-08-12T14:49:08,2026-08-13T01:49:08,success,888,demo-v1.1
R001400,O008273,2026-08-18T05:05:30,2026-08-20T21:05:30,success,7820,demo-v1.1
R001401,O008275,2026-06-06T17:35:30,2026-06-07T12:35:30,success,570643,demo-v1.1
R001402,O008278,2026-04-16T17:48:55,2026-04-18T00:48:55,success,42402,demo-v1.1
R001403,O008279,2026-01-31T03:00:38,2026-02-02T22:00:38,success,1251119,demo-v1.1
R001404,O008291,2026-02-27T21:53:50,,pending,394418,demo-v1.1
R001405,O008291,2026-03-01T18:54:50,2026-03-02T15:54:50,success,44929,demo-v1.1
R001406,O008298,2026-06-23T09:18:25,2026-06-23T20:18:25,success,363170,demo-v1.1
R001407,O008303,2026-05-05T13:40:29,2026-05-07T14:40:29,success,342981,demo-v1.1
R001408,O008324,2026-03-01T08:42:49,2026-03-01T13:42:49,success,1232989,demo-v1.1
R001409,O008330,2026-01-10T10:05:57,,pending,73996,demo-v1.1
R001410,O008339,2026-07-14T02:07:51,2026-07-16T00:07:51,success,167466,demo-v1.1
R001411,O008340,2026-04-02T07:34:57,2026-04-03T10:34:57,success,533018,demo-v1.1
R001412,O008341,2026-01-22T09:08:31,2026-01-24T18:08:31,success,1145967,demo-v1.1
R001413,O008342,2026-04-28T15:42:22,2026-04-30T01:42:22,success,14223,demo-v1.1
R001414,O008351,2026-03-29T20:03:21,2026-03-31T21:03:21,success,33535,demo-v1.1
R001415,O008352,2026-09-27T00:38:11,2026-09-28T03:38:11,success,1113506,demo-v1.1
R001416,O008353,2026-08-17T20:42:50,2026-08-18T02:42:50,success,48504,demo-v1.1
R001417,O008357,2026-09-21T21:48:17,2026-09-22T14:48:17,success,397849,demo-v1.1
R001418,O008359,2026-06-01T05:46:56,2026-06-04T04:46:56,success,1596504,demo-v1.1
R001419,O008365,2026-04-19T03:28:50,2026-04-20T09:28:50,success,22281,demo-v1.1
R001420,O008365,2026-04-20T09:29:50,2026-04-22T00:29:50,success,17274,demo-v1.1
R001421,O008369,2026-09-09T19:44:44,,failed,28175,demo-v1.1
R001422,O008372,2026-03-16T10:36:11,,pending,86805,demo-v1.1
R001423,O008377,2026-02-21T08:09:05,2026-02-22T12:09:05,success,12926,demo-v1.1
R001424,O008387,2026-02-24T05:32:31,2026-02-27T05:32:31,success,1480042,demo-v1.1
R001425,O008389,2026-02-25T13:32:33,2026-02-26T04:32:33,success,1072954,demo-v1.1
R001426,O008395,2026-02-18T10:40:57,2026-02-19T06:40:57,success,496808,demo-v1.1
R001427,O008405,2026-05-12T20:34:52,2026-05-14T03:34:52,success,251218,demo-v1.1
R001428,O008409,2026-09-18T02:55:09,2026-09-19T16:55:09,success,1226956,demo-v1.1
R001429,O008424,2026-09-23T19:02:51,2026-09-24T21:02:51,success,1384606,demo-v1.1
R001430,O008427,2026-02-01T23:36:56,2026-02-02T16:36:56,success,1761223,demo-v1.1
R001431,O008431,2026-09-30T23:59:59,2026-09-30T23:59:59,success,1256238,demo-v1.1
R001432,O008437,2026-04-05T07:32:44,2026-04-06T14:32:44,success,5934,demo-v1.1
R001433,O008437,2026-04-06T14:33:44,,failed,18727,demo-v1.1
R001434,O008458,2026-09-06T14:39:27,2026-09-07T22:39:27,success,32941,demo-v1.1
R001435,O008459,2026-07-02T23:29:25,2026-07-04T08:29:25,success,690276,demo-v1.1
R001436,O008470,2026-09-28T23:50:52,,failed,352809,demo-v1.1
R001437,O008472,2026-08-14T01:36:47,2026-08-15T10:36:47,success,1130480,demo-v1.1
R001438,O008489,2026-09-30T13:58:42,2026-09-30T23:59:59,success,1013002,demo-v1.1
R001439,O008494,2026-07-20T23:12:54,2026-07-21T04:12:54,success,221111,demo-v1.1
R001440,O008511,2026-08-31T07:36:57,2026-09-01T22:36:57,success,51758,demo-v1.1
R001441,O008519,2026-03-20T02:30:47,2026-03-22T20:30:47,success,17215,demo-v1.1
R001442,O008535,2026-05-21T11:04:43,2026-05-22T06:04:43,success,331206,demo-v1.1
R001443,O008540,2026-07-26T17:38:24,2026-07-26T22:38:24,success,284050,demo-v1.1
R001444,O008544,2026-08-09T05:05:02,2026-08-12T05:05:02,success,383906,demo-v1.1
R001445,O008548,2026-02-12T02:20:58,2026-02-13T17:20:58,success,31603,demo-v1.1
R001446,O008563,2026-09-30T23:59:59,2026-09-30T23:59:59,success,488511,demo-v1.1
R001447,O008569,2026-04-13T04:16:45,2026-04-15T23:16:45,success,144528,demo-v1.1
R001448,O008569,2026-04-15T23:17:45,,pending,246081,demo-v1.1
R001449,O008580,2026-09-11T00:23:55,2026-09-12T06:23:55,success,5320,demo-v1.1
R001450,O008583,2026-06-26T16:19:08,2026-06-27T01:19:08,success,312360,demo-v1.1
R001451,O008594,2026-08-06T09:29:37,2026-08-09T04:29:37,success,606432,demo-v1.1
R001452,O008605,2026-07-22T09:36:12,2026-07-24T18:36:12,success,644217,demo-v1.1
R001453,O008614,2026-02-14T22:04:00,2026-02-16T17:04:00,success,95045,demo-v1.1
R001454,O008619,2026-09-04T20:19:37,2026-09-07T17:19:37,success,768599,demo-v1.1
R001455,O008623,2026-09-27T18:26:17,2026-09-29T05:26:17,success,632129,demo-v1.1
R001456,O008626,2026-09-16T22:37:09,2026-09-17T05:37:09,success,50894,demo-v1.1
R001457,O008627,2026-03-05T14:43:27,2026-03-06T03:43:27,success,1154838,demo-v1.1
R001458,O008631,2026-06-08T17:17:25,,pending,1247827,demo-v1.1
R001459,O008637,2026-03-18T12:16:28,2026-03-18T16:16:28,success,223463,demo-v1.1
R001460,O008654,2026-07-14T18:33:42,2026-07-15T03:33:42,success,1413033,demo-v1.1
R001461,O008656,2026-07-23T00:44:17,2026-07-25T07:44:17,success,655972,demo-v1.1
R001462,O008658,2026-01-23T18:05:18,2026-01-26T02:05:18,success,1516108,demo-v1.1
R001463,O008667,2026-08-13T15:03:35,2026-08-14T07:03:35,success,175904,demo-v1.1
R001464,O008671,2026-06-02T18:07:55,2026-06-03T07:07:55,success,239967,demo-v1.1
R001465,O008672,2026-03-13T05:38:49,2026-03-13T10:38:49,success,365295,demo-v1.1
R001466,O008676,2026-09-11T04:14:03,,pending,167628,demo-v1.1
R001467,O008677,2026-09-05T13:15:22,2026-09-08T07:15:22,success,160965,demo-v1.1
R001468,O008687,2026-04-10T02:46:23,2026-04-11T23:46:23,success,107466,demo-v1.1
R001469,O008702,2026-05-08T14:21:01,2026-05-09T12:21:01,success,371091,demo-v1.1
R001470,O008709,2026-05-19T20:56:33,2026-05-21T13:56:33,success,1178498,demo-v1.1
R001471,O008712,2026-02-03T11:26:15,2026-02-04T07:26:15,success,538502,demo-v1.1
R001472,O008713,2026-02-08T04:34:38,2026-02-08T07:34:38,success,27622,demo-v1.1
R001473,O008713,2026-02-08T07:35:38,,pending,117141,demo-v1.1
R001474,O008717,2026-06-15T04:29:34,2026-06-15T09:29:34,success,690070,demo-v1.1
R001475,O008724,2026-07-30T13:18:24,2026-08-01T08:18:24,success,266506,demo-v1.1
R001476,O008728,2026-07-17T18:48:59,2026-07-20T10:48:59,success,745657,demo-v1.1
R001477,O008737,2026-04-18T11:18:06,2026-04-21T00:18:06,success,863531,demo-v1.1
R001478,O008763,2026-04-11T12:06:32,2026-04-13T01:06:32,success,913485,demo-v1.1
R001479,O008768,2026-07-28T00:21:00,2026-07-29T02:21:00,success,40244,demo-v1.1
R001480,O008768,2026-07-29T02:22:00,2026-08-01T01:22:00,success,309047,demo-v1.1
R001481,O008778,2026-03-12T15:04:11,2026-03-15T11:04:11,success,1151298,demo-v1.1
R001482,O008784,2026-09-18T03:58:46,2026-09-18T16:58:46,success,597239,demo-v1.1
R001483,O008790,2026-02-15T01:15:06,2026-02-15T17:15:06,success,158138,demo-v1.1
R001484,O008794,2026-06-07T20:29:15,2026-06-08T14:29:15,success,254081,demo-v1.1
R001485,O008798,2026-09-04T00:26:41,2026-09-06T06:26:41,success,89041,demo-v1.1
R001486,O008800,2026-02-28T08:34:54,2026-03-01T20:34:54,success,1112150,demo-v1.1
R001487,O008801,2026-05-17T21:21:32,2026-05-20T11:21:32,success,58488,demo-v1.1
R001488,O008808,2026-09-22T22:08:52,2026-09-23T23:08:52,success,162975,demo-v1.1
R001489,O008808,2026-09-23T23:09:52,2026-09-24T12:09:52,success,424994,demo-v1.1
R001490,O008819,2026-09-09T20:41:17,2026-09-12T17:41:17,success,69956,demo-v1.1
R001491,O008826,2026-09-12T00:46:06,2026-09-13T06:46:06,success,37913,demo-v1.1
R001492,O008847,2026-02-10T05:26:01,2026-02-10T11:26:01,success,511924,demo-v1.1
R001493,O008854,2026-08-02T11:01:30,2026-08-04T19:01:30,success,658411,demo-v1.1
R001494,O008855,2026-05-15T08:39:33,2026-05-17T14:39:33,success,366063,demo-v1.1
R001495,O008858,2026-08-25T05:48:55,2026-08-27T01:48:55,success,271322,demo-v1.1
R001496,O008868,2026-02-17T20:49:05,2026-02-18T15:49:05,success,82843,demo-v1.1
R001497,O008869,2026-08-31T01:05:48,2026-09-01T12:05:48,success,401805,demo-v1.1
R001498,O008884,2026-04-18T05:43:03,2026-04-18T15:43:03,success,115667,demo-v1.1
R001499,O008888,2026-08-22T00:08:54,2026-08-23T16:08:54,success,1129753,demo-v1.1
R001500,O008895,2026-03-31T00:48:02,2026-03-31T03:48:02,success,313892,demo-v1.1
R001501,O008903,2026-02-13T03:05:42,,failed,1753711,demo-v1.1
R001502,O008911,2026-07-08T01:26:53,2026-07-09T15:26:53,success,37446,demo-v1.1
R001503,O008915,2026-01-28T15:54:59,2026-01-31T03:54:59,success,249963,demo-v1.1
R001504,O008920,2026-07-17T15:11:13,2026-07-19T01:11:13,success,68746,demo-v1.1
R001505,O008927,2026-06-23T05:33:56,2026-06-24T10:33:56,success,75441,demo-v1.1
R001506,O008930,2026-07-24T11:59:18,2026-07-25T13:59:18,success,142271,demo-v1.1
R001507,O008933,2026-05-31T11:05:27,2026-06-01T11:05:27,success,13091,demo-v1.1
R001508,O008934,2026-05-29T10:04:47,2026-05-31T23:04:47,success,600024,demo-v1.1
R001509,O008938,2026-07-29T01:11:35,2026-07-30T10:11:35,success,1874293,demo-v1.1
R001510,O008943,2026-03-28T00:36:20,2026-03-29T15:36:20,success,162281,demo-v1.1
R001511,O008954,2026-09-08T11:13:03,2026-09-10T20:13:03,success,1073515,demo-v1.1
R001512,O008960,2026-05-07T19:24:46,2026-05-09T20:24:46,success,59763,demo-v1.1
R001513,O008993,2026-01-12T18:27:54,2026-01-14T21:27:54,success,510604,demo-v1.1
R001514,O008994,2026-03-06T22:18:39,2026-03-08T15:18:39,success,716934,demo-v1.1
R001515,O008994,2026-03-08T15:19:39,2026-03-10T02:19:39,success,691643,demo-v1.1
R001516,O008998,2026-06-26T06:42:33,,pending,194592,demo-v1.1
R001517,O009003,2026-04-20T06:38:07,,pending,17556,demo-v1.1
R001518,O009006,2026-07-10T02:40:03,2026-07-11T23:40:03,success,452597,demo-v1.1
R001519,O009011,2026-01-21T16:33:30,2026-01-22T15:33:30,success,231843,demo-v1.1
R001520,O009018,2026-09-01T14:36:30,2026-09-03T16:36:30,success,1403239,demo-v1.1
R001521,O009029,2026-03-03T04:48:08,2026-03-04T17:48:08,success,541227,demo-v1.1
R001522,O009030,2026-03-10T13:52:20,2026-03-11T20:52:20,success,1490320,demo-v1.1
R001523,O009033,2026-04-27T10:41:05,,failed,320697,demo-v1.1
R001524,O009034,2026-03-17T04:58:57,2026-03-18T17:58:57,success,908894,demo-v1.1
R001525,O009036,2026-08-17T14:38:02,2026-08-19T08:38:02,success,113352,demo-v1.1
R001526,O009044,2026-05-07T13:02:32,2026-05-09T23:02:32,success,1086030,demo-v1.1
R001527,O009051,2026-09-17T01:22:05,2026-09-19T01:22:05,success,1179838,demo-v1.1
R001528,O009055,2026-03-15T02:16:35,2026-03-16T17:16:35,success,5885,demo-v1.1
R001529,O009057,2026-08-03T16:54:11,2026-08-03T20:54:11,success,866094,demo-v1.1
R001530,O009070,2026-06-09T06:22:56,2026-06-10T02:22:56,success,558022,demo-v1.1
R001531,O009095,2026-02-15T05:18:27,2026-02-16T15:18:27,success,161056,demo-v1.1
R001532,O009099,2026-03-26T18:50:29,2026-03-28T20:50:29,success,150038,demo-v1.1
R001533,O009106,2026-02-04T13:29:35,2026-02-05T04:29:35,success,1644787,demo-v1.1
R001534,O009107,2026-09-19T20:55:55,2026-09-22T07:55:55,success,123466,demo-v1.1
R001535,O009108,2026-04-14T22:40:21,2026-04-17T15:40:21,success,703548,demo-v1.1
R001536,O009109,2026-06-19T14:01:51,2026-06-21T16:01:51,success,57530,demo-v1.1
R001537,O009110,2026-06-20T15:44:26,2026-06-21T20:44:26,success,235216,demo-v1.1
R001538,O009119,2026-09-01T09:55:43,2026-09-04T04:55:43,success,239625,demo-v1.1
R001539,O009123,2026-06-29T16:09:34,2026-07-02T04:09:34,success,972017,demo-v1.1
R001540,O009129,2026-05-22T18:21:00,2026-05-22T21:21:00,success,824659,demo-v1.1
R001541,O009136,2026-04-07T20:58:57,2026-04-09T13:58:57,success,256485,demo-v1.1
R001542,O009139,2026-07-28T17:32:07,,pending,228877,demo-v1.1
R001543,O009140,2026-02-21T12:38:56,2026-02-23T01:38:56,success,304996,demo-v1.1
R001544,O009145,2026-04-01T04:38:07,2026-04-02T17:38:07,success,392140,demo-v1.1
R001545,O009146,2026-07-02T23:02:42,2026-07-05T18:02:42,success,410322,demo-v1.1
R001546,O009161,2026-07-11T01:17:21,2026-07-11T12:17:21,success,107773,demo-v1.1
R001547,O009172,2026-08-14T10:51:05,,pending,173929,demo-v1.1
R001548,O009176,2026-08-31T12:41:28,2026-08-31T13:41:28,success,656820,demo-v1.1
R001549,O009195,2026-04-17T03:39:21,2026-04-18T18:39:21,success,413488,demo-v1.1
R001550,O009195,2026-04-18T18:40:21,2026-04-21T08:40:21,success,155348,demo-v1.1
R001551,O009197,2026-01-20T04:49:51,2026-01-23T01:49:51,success,732955,demo-v1.1
R001552,O009202,2026-05-26T16:50:00,2026-05-28T06:50:00,success,209065,demo-v1.1
R001553,O009210,2026-03-19T09:11:55,2026-03-20T10:11:55,success,178471,demo-v1.1
R001554,O009212,2026-07-14T17:53:47,2026-07-15T23:53:47,success,870167,demo-v1.1
R001555,O009220,2026-09-20T07:55:46,2026-09-22T07:55:46,success,790962,demo-v1.1
R001556,O009226,2026-01-16T15:57:39,2026-01-17T11:57:39,success,135008,demo-v1.1
R001557,O009230,2026-09-19T07:18:09,2026-09-22T06:18:09,success,186711,demo-v1.1
R001558,O009239,2026-02-06T00:49:56,2026-02-07T02:49:56,success,16585,demo-v1.1
R001559,O009242,2026-04-25T10:10:08,2026-04-27T07:10:08,success,6843,demo-v1.1
R001560,O009242,2026-04-27T07:11:08,2026-04-30T01:11:08,success,94004,demo-v1.1
R001561,O009253,2026-04-08T00:00:17,2026-04-10T14:00:17,success,25501,demo-v1.1
R001562,O009260,2026-08-25T02:47:35,2026-08-25T23:47:35,success,419804,demo-v1.1
R001563,O009261,2026-09-18T09:43:17,2026-09-19T14:43:17,success,40244,demo-v1.1
R001564,O009265,2026-09-23T10:37:33,2026-09-25T22:37:33,success,736325,demo-v1.1
R001565,O009266,2026-08-26T21:52:59,2026-08-29T09:52:59,success,31191,demo-v1.1
R001566,O009273,2026-05-15T05:07:50,2026-05-17T23:07:50,success,12000,demo-v1.1
R001567,O009275,2026-01-21T17:27:03,2026-01-22T10:27:03,success,67122,demo-v1.1
R001568,O009277,2026-04-02T05:21:47,2026-04-03T19:21:47,success,147124,demo-v1.1
R001569,O009285,2026-04-11T06:29:50,2026-04-12T10:29:50,success,666602,demo-v1.1
R001570,O009287,2026-02-22T00:14:41,2026-02-23T23:14:41,success,361704,demo-v1.1
R001571,O009293,2026-09-16T21:41:30,2026-09-18T11:41:30,success,66130,demo-v1.1
R001572,O009300,2026-07-10T11:24:42,2026-07-12T17:24:42,success,1262371,demo-v1.1
R001573,O009300,2026-07-12T17:25:42,2026-07-13T02:25:42,success,383003,demo-v1.1
R001574,O009303,2026-07-13T15:13:46,2026-07-15T01:13:46,success,9311,demo-v1.1
R001575,O009303,2026-07-15T01:14:46,2026-07-15T06:14:46,success,482794,demo-v1.1
R001576,O009314,2026-06-17T00:49:27,2026-06-17T06:49:27,success,236757,demo-v1.1
R001577,O009324,2026-08-09T23:26:07,2026-08-12T06:26:07,success,579326,demo-v1.1
R001578,O009333,2026-02-07T06:58:00,2026-02-07T13:58:00,success,134823,demo-v1.1
R001579,O009342,2026-06-23T07:06:10,2026-06-24T05:06:10,success,683402,demo-v1.1
R001580,O009359,2026-09-30T23:59:59,,pending,219595,demo-v1.1
R001581,O009360,2026-09-16T14:32:50,2026-09-18T10:32:50,success,18305,demo-v1.1
R001582,O009360,2026-09-18T10:33:50,2026-09-19T02:33:50,success,8745,demo-v1.1
R001583,O009362,2026-07-06T16:03:29,,pending,12445,demo-v1.1
R001584,O009362,2026-07-07T21:04:29,2026-07-08T18:04:29,success,132690,demo-v1.1
R001585,O009364,2026-07-06T09:26:21,2026-07-06T22:26:21,success,910571,demo-v1.1
R001586,O009377,2026-05-06T16:30:57,2026-05-07T18:30:57,success,138608,demo-v1.1
R001587,O009380,2026-05-12T06:27:55,,failed,3180,demo-v1.1
R001588,O009380,2026-05-13T11:28:55,2026-05-14T13:28:55,success,66094,demo-v1.1
R001589,O009381,2026-02-19T17:32:13,,pending,1175265,demo-v1.1
R001590,O009389,2026-04-04T12:08:22,2026-04-06T14:08:22,success,608732,demo-v1.1
R001591,O009393,2026-07-19T07:25:08,2026-07-21T23:25:08,success,33225,demo-v1.1
R001592,O009404,2026-08-21T22:58:55,2026-08-24T22:58:55,success,1318605,demo-v1.1
R001593,O009411,2026-07-04T11:20:54,2026-07-05T08:20:54,success,220498,demo-v1.1
R001594,O009428,2026-09-01T06:12:02,2026-09-01T16:12:02,success,1492981,demo-v1.1
R001595,O009445,2026-09-16T01:32:55,,pending,863471,demo-v1.1
R001596,O009463,2026-06-06T13:26:38,2026-06-09T07:26:38,success,1539551,demo-v1.1
R001597,O009474,2026-02-19T17:51:32,2026-02-19T19:51:32,success,272450,demo-v1.1
R001598,O009476,2026-03-08T14:14:23,2026-03-09T06:14:23,success,820283,demo-v1.1
R001599,O009480,2026-04-25T02:17:29,2026-04-25T12:17:29,success,14545,demo-v1.1
R001600,O009490,2026-06-15T15:05:56,2026-06-16T16:05:56,success,259354,demo-v1.1
R001601,O009495,2026-05-06T18:44:48,2026-05-07T05:44:48,success,39192,demo-v1.1
R001602,O009501,2026-08-01T16:32:22,2026-08-03T13:32:22,success,35641,demo-v1.1
R001603,O009502,2026-04-21T00:52:56,2026-04-23T04:52:56,success,834757,demo-v1.1
R001604,O009506,2026-08-28T10:56:52,,pending,31803,demo-v1.1
R001605,O009508,2026-09-23T16:27:31,2026-09-25T00:27:31,success,686865,demo-v1.1
R001606,O009510,2026-08-23T19:44:17,,failed,1147517,demo-v1.1
R001607,O009520,2026-02-26T07:01:47,2026-02-28T09:01:47,success,540407,demo-v1.1
R001608,O009532,2026-09-22T02:11:48,2026-09-22T13:11:48,success,363456,demo-v1.1
R001609,O009539,2026-05-02T11:06:15,2026-05-04T16:06:15,success,1465574,demo-v1.1
R001610,O009541,2026-02-01T22:41:37,2026-02-02T17:41:37,success,1389262,demo-v1.1
R001611,O009555,2026-04-21T01:51:29,,failed,470775,demo-v1.1
R001612,O009559,2026-07-05T11:36:42,2026-07-06T14:36:42,success,42490,demo-v1.1
R001613,O009559,2026-07-06T14:37:42,2026-07-09T07:37:42,success,825079,demo-v1.1
R001614,O009563,2026-07-02T12:04:47,2026-07-03T07:04:47,success,552304,demo-v1.1
R001615,O009583,2026-02-20T15:38:07,2026-02-23T02:38:07,success,136551,demo-v1.1
R001616,O009586,2026-06-09T10:43:31,2026-06-11T19:43:31,success,293258,demo-v1.1
R001617,O009591,2026-02-19T02:14:52,2026-02-20T17:14:52,success,527090,demo-v1.1
R001618,O009595,2026-01-05T22:39:07,2026-01-06T19:39:07,success,1144923,demo-v1.1
R001619,O009601,2026-09-30T23:59:59,2026-09-30T23:59:59,success,195955,demo-v1.1
R001620,O009606,2026-02-18T17:18:47,2026-02-20T13:18:47,success,98360,demo-v1.1
R001621,O009607,2026-09-30T23:59:59,2026-09-30T23:59:59,success,253183,demo-v1.1
R001622,O009613,2026-05-31T20:52:47,2026-06-01T01:52:47,success,463465,demo-v1.1
R001623,O009614,2026-05-18T19:48:58,2026-05-21T01:48:58,success,379521,demo-v1.1
R001624,O009632,2026-06-03T13:22:14,2026-06-04T12:22:14,success,705164,demo-v1.1
R001625,O009637,2026-02-28T15:54:35,,failed,22588,demo-v1.1
R001626,O009639,2026-03-26T06:38:16,2026-03-29T02:38:16,success,677804,demo-v1.1
R001627,O009661,2026-06-26T08:53:43,2026-06-26T18:53:43,success,1564560,demo-v1.1
R001628,O009663,2026-08-20T20:45:35,2026-08-22T23:45:35,success,939184,demo-v1.1
R001629,O009663,2026-08-22T23:46:35,,pending,402809,demo-v1.1
R001630,O009671,2026-04-30T09:45:20,2026-05-01T13:45:20,success,587560,demo-v1.1
R001631,O009671,2026-05-01T13:46:20,2026-05-04T02:46:20,success,53093,demo-v1.1
R001632,O009672,2026-06-13T11:46:41,2026-06-13T12:46:41,success,75143,demo-v1.1
R001633,O009678,2026-05-29T15:53:10,2026-05-31T20:53:10,success,51007,demo-v1.1
R001634,O009681,2026-08-21T00:04:48,2026-08-23T04:04:48,success,76095,demo-v1.1
R001635,O009685,2026-02-01T09:49:38,2026-02-03T05:49:38,success,13550,demo-v1.1
R001636,O009686,2026-08-22T21:53:59,2026-08-24T09:53:59,success,712,demo-v1.1
R001637,O009686,2026-08-24T09:54:59,,failed,1302,demo-v1.1
R001638,O009700,2026-09-25T02:17:04,,failed,428573,demo-v1.1
R001639,O009700,2026-09-27T20:18:04,2026-09-28T01:18:04,success,84291,demo-v1.1
R001640,O009709,2026-06-23T13:12:52,2026-06-24T07:12:52,success,100245,demo-v1.1
R001641,O009715,2026-05-25T15:12:36,2026-05-28T13:12:36,success,188537,demo-v1.1
R001642,O009717,2026-06-15T06:24:15,2026-06-16T18:24:15,success,543050,demo-v1.1
R001643,O009719,2026-07-29T01:27:58,2026-07-31T01:27:58,success,1112084,demo-v1.1
R001644,O009731,2026-04-17T16:18:11,2026-04-19T12:18:11,success,31393,demo-v1.1
R001645,O009747,2026-09-01T10:02:07,2026-09-04T10:02:07,success,1469083,demo-v1.1
R001646,O009754,2026-06-20T05:43:02,2026-06-22T13:43:02,success,27226,demo-v1.1
R001647,O009754,2026-06-22T13:44:02,2026-06-23T17:44:02,success,5075,demo-v1.1
R001648,O009762,2026-09-30T23:59:59,2026-09-30T23:59:59,success,195323,demo-v1.1
R001649,O009783,2026-06-22T13:50:41,2026-06-25T07:50:41,success,103608,demo-v1.1
R001650,O009784,2026-05-23T08:49:44,2026-05-25T04:49:44,success,426889,demo-v1.1
R001651,O009788,2026-03-14T02:58:10,2026-03-15T13:58:10,success,116935,demo-v1.1
R001652,O009792,2026-09-24T00:02:35,2026-09-24T01:02:35,success,392737,demo-v1.1
R001653,O009793,2026-09-18T10:08:05,2026-09-19T16:08:05,success,72725,demo-v1.1
R001654,O009793,2026-09-19T16:09:05,2026-09-20T23:09:05,success,77948,demo-v1.1
R001655,O009798,2026-06-22T12:02:50,,pending,140641,demo-v1.1
R001656,O009808,2026-09-14T18:03:19,2026-09-17T18:03:19,success,572869,demo-v1.1
R001657,O009814,2026-02-16T15:06:07,,failed,468943,demo-v1.1
R001658,O009814,2026-02-17T08:07:07,2026-02-18T17:07:07,success,517022,demo-v1.1
R001659,O009823,2026-05-03T03:50:34,2026-05-03T15:50:34,success,5010,demo-v1.1
R001660,O009827,2026-09-07T18:42:59,2026-09-10T16:42:59,success,87233,demo-v1.1
R001661,O009827,2026-09-10T16:43:59,2026-09-11T03:43:59,success,17378,demo-v1.1
R001662,O009828,2026-06-03T06:27:21,2026-06-03T10:27:21,success,1293962,demo-v1.1
R001663,O009833,2026-03-06T03:11:21,2026-03-08T13:11:21,success,920004,demo-v1.1
R001664,O009835,2026-04-11T05:51:44,,failed,1500837,demo-v1.1
R001665,O009837,2026-07-14T00:32:05,2026-07-16T17:32:05,success,647936,demo-v1.1
R001666,O009846,2026-06-27T02:02:40,2026-06-29T11:02:40,success,609748,demo-v1.1
R001667,O009849,2026-09-06T20:27:26,2026-09-09T19:27:26,success,62511,demo-v1.1
R001668,O009850,2026-03-29T01:09:04,2026-03-31T10:09:04,success,385564,demo-v1.1
R001669,O009851,2026-04-29T02:37:25,2026-04-30T23:37:25,success,450310,demo-v1.1
R001670,O009857,2026-09-06T20:04:23,2026-09-09T09:04:23,success,1578557,demo-v1.1
R001671,O009862,2026-02-08T06:15:19,,failed,12938,demo-v1.1
R001672,O009862,2026-02-09T16:16:19,2026-02-10T17:16:19,success,26781,demo-v1.1
R001673,O009869,2026-09-21T17:27:31,2026-09-23T13:27:31,success,1315662,demo-v1.1
R001674,O009872,2026-03-15T00:36:55,2026-03-16T10:36:55,success,744574,demo-v1.1
R001675,O009886,2026-02-22T07:28:53,2026-02-23T20:28:53,success,95720,demo-v1.1
R001676,O009889,2026-02-09T12:24:46,2026-02-10T12:24:46,success,431795,demo-v1.1
R001677,O009899,2026-03-09T18:52:05,2026-03-11T21:52:05,success,373519,demo-v1.1
R001678,O009904,2026-08-29T02:09:59,2026-09-01T00:09:59,success,48807,demo-v1.1
R001679,O009904,2026-09-01T00:10:59,2026-09-03T02:10:59,success,304359,demo-v1.1
R001680,O009912,2026-03-04T17:51:21,2026-03-07T10:51:21,success,372469,demo-v1.1
R001681,O009918,2026-05-07T23:51:02,2026-05-08T09:51:02,success,1695463,demo-v1.1
R001682,O009920,2026-09-21T18:30:58,2026-09-24T05:30:58,success,111152,demo-v1.1
R001683,O009928,2026-08-22T16:30:44,2026-08-23T00:30:44,success,143224,demo-v1.1
R001684,O009929,2026-03-15T04:04:04,2026-03-16T16:04:04,success,51010,demo-v1.1
R001685,O009929,2026-03-16T16:05:04,2026-03-19T04:05:04,success,42723,demo-v1.1
R001686,O009936,2026-09-16T06:04:21,2026-09-17T00:04:21,success,83205,demo-v1.1
R001687,O009954,2026-06-16T03:38:49,2026-06-16T17:38:49,success,16102,demo-v1.1
R001688,O009956,2026-05-10T22:02:38,2026-05-13T12:02:38,success,124386,demo-v1.1
R001689,O009961,2026-08-09T05:14:30,2026-08-11T10:14:30,success,321842,demo-v1.1
R001690,O009971,2026-07-25T21:03:24,2026-07-26T22:03:24,success,13900,demo-v1.1
R001691,O009977,2026-05-20T18:59:04,2026-05-23T05:59:04,success,162000,demo-v1.1
R001692,O009981,2026-09-15T11:49:55,2026-09-15T16:49:55,success,311001,demo-v1.1
R001693,O009983,2026-05-24T00:15:04,2026-05-25T02:15:04,success,971967,demo-v1.1
R001694,O009996,2026-06-12T13:34:09,2026-06-14T13:34:09,success,490435,demo-v1.1
R001695,O010009,2026-08-05T00:12:21,2026-08-06T14:12:21,success,1561134,demo-v1.1
R001696,O010011,2026-09-30T23:59:59,2026-09-30T23:59:59,success,664850,demo-v1.1
R001697,O010015,2026-09-27T01:21:02,2026-09-28T16:21:02,success,253937,demo-v1.1
R001698,O010017,2026-09-21T12:56:33,2026-09-23T09:56:33,success,70859,demo-v1.1
R001699,O010022,2026-09-30T23:59:59,2026-09-30T23:59:59,success,99942,demo-v1.1
R001700,O010023,2026-02-06T03:11:27,2026-02-06T23:11:27,success,73818,demo-v1.1
R001701,O010025,2026-09-21T13:39:47,,failed,1121638,demo-v1.1
R001702,O010040,2026-04-29T17:13:12,2026-04-30T10:13:12,success,722409,demo-v1.1
R001703,O010043,2026-02-15T20:07:11,2026-02-17T02:07:11,success,322788,demo-v1.1
R001704,O010044,2026-02-24T05:13:22,2026-02-26T20:13:22,success,67894,demo-v1.1
R001705,O010045,2026-04-22T16:31:10,2026-04-24T05:31:10,success,21160,demo-v1.1
R001706,O010050,2026-07-16T17:23:00,2026-07-17T19:23:00,success,91773,demo-v1.1
R001707,O010065,2026-08-13T21:18:16,2026-08-16T14:18:16,success,38555,demo-v1.1
R001708,O010066,2026-07-26T05:21:18,2026-07-27T04:21:18,success,513553,demo-v1.1
R001709,O010075,2026-03-21T00:26:11,2026-03-22T06:26:11,success,39355,demo-v1.1
R001710,O010075,2026-03-22T06:27:11,2026-03-23T11:27:11,success,67174,demo-v1.1
R001711,O010077,2026-05-22T04:31:00,2026-05-24T11:31:00,success,13111,demo-v1.1
R001712,O010077,2026-05-24T11:32:00,2026-05-26T16:32:00,success,24700,demo-v1.1
R001713,O010080,2026-09-17T18:49:59,2026-09-20T00:49:59,success,184235,demo-v1.1
R001714,O010081,2026-08-25T00:26:38,,failed,1113703,demo-v1.1
R001715,O010087,2026-09-15T04:33:13,2026-09-16T08:33:13,success,655197,demo-v1.1
R001716,O010088,2026-06-14T04:13:21,2026-06-16T20:13:21,success,541451,demo-v1.1
R001717,O010097,2026-01-31T06:48:32,2026-02-03T00:48:32,success,19606,demo-v1.1
R001718,O010097,2026-02-03T00:49:32,2026-02-05T03:49:32,success,231758,demo-v1.1
R001719,O010099,2026-02-03T13:37:33,2026-02-05T19:37:33,success,788703,demo-v1.1
R001720,O010100,2026-05-01T10:06:52,2026-05-04T04:06:52,success,1222067,demo-v1.1
R001721,O010101,2026-05-23T04:17:04,2026-05-25T19:17:04,success,934323,demo-v1.1
R001722,O010104,2026-06-05T01:43:04,2026-06-06T22:43:04,success,147112,demo-v1.1
R001723,O010107,2026-01-31T01:48:18,,pending,235066,demo-v1.1
R001724,O010110,2026-08-04T19:31:56,2026-08-07T11:31:56,success,824900,demo-v1.1
R001725,O010132,2026-06-30T02:07:08,2026-06-30T14:07:08,success,777358,demo-v1.1
R001726,O010133,2026-08-17T04:22:44,2026-08-18T05:22:44,success,48933,demo-v1.1
R001727,O010136,2026-09-30T23:59:59,2026-09-30T23:59:59,success,601753,demo-v1.1
R001728,O010138,2026-03-28T21:52:45,2026-03-29T03:52:45,success,89197,demo-v1.1
R001729,O010139,2026-08-04T14:21:15,2026-08-05T20:21:15,success,359423,demo-v1.1
R001730,O010139,2026-08-05T20:22:15,2026-08-06T12:22:15,success,384816,demo-v1.1
R001731,O010145,2026-09-15T22:44:19,2026-09-17T01:44:19,success,197590,demo-v1.1
R001732,O010155,2026-09-30T23:59:59,2026-09-30T23:59:59,success,849842,demo-v1.1
R001733,O010159,2026-08-29T14:31:06,,failed,635434,demo-v1.1
R001734,O010166,2026-07-06T18:37:08,2026-07-08T23:37:08,success,1021040,demo-v1.1
R001735,O010174,2026-09-30T23:59:59,2026-09-30T23:59:59,success,85943,demo-v1.1
R001736,O010175,2026-09-07T19:41:58,2026-09-10T10:41:58,success,331988,demo-v1.1
R001737,O010182,2026-06-01T14:31:08,2026-06-03T21:31:08,success,260229,demo-v1.1
R001738,O010193,2026-02-13T15:23:36,2026-02-15T00:23:36,success,66259,demo-v1.1
R001739,O010204,2026-07-13T18:41:21,2026-07-15T15:41:21,success,1182002,demo-v1.1
R001740,O010211,2026-06-09T12:56:12,2026-06-10T15:56:12,success,112265,demo-v1.1
R001741,O010215,2026-09-10T10:09:37,2026-09-12T23:09:37,success,709765,demo-v1.1
R001742,O010218,2026-09-07T21:14:35,,failed,87129,demo-v1.1
R001743,O010219,2026-06-10T08:05:01,2026-06-12T20:05:01,success,102948,demo-v1.1
R001744,O010219,2026-06-12T20:06:01,2026-06-15T07:06:01,success,18232,demo-v1.1
R001745,O010252,2026-07-06T02:42:38,2026-07-06T03:42:38,success,245196,demo-v1.1
R001746,O010254,2026-03-20T10:37:03,2026-03-22T09:37:03,success,361531,demo-v1.1
R001747,O010269,2026-09-27T22:53:57,2026-09-29T00:53:57,success,1140790,demo-v1.1
R001748,O010279,2026-03-03T23:05:16,2026-03-06T04:05:16,success,153005,demo-v1.1
R001749,O010288,2026-02-09T05:56:55,2026-02-11T18:56:55,success,851622,demo-v1.1
R001750,O010291,2026-07-13T14:27:32,2026-07-15T11:27:32,success,835400,demo-v1.1
R001751,O010299,2026-04-27T13:12:54,2026-04-29T06:12:54,success,1547189,demo-v1.1
R001752,O010300,2026-04-22T09:34:28,2026-04-25T06:34:28,success,256211,demo-v1.1
R001753,O010306,2026-07-22T04:57:53,2026-07-23T14:57:53,success,972420,demo-v1.1
R001754,O010310,2026-02-07T03:04:13,2026-02-08T04:04:13,success,404199,demo-v1.1
R001755,O010313,2026-06-19T17:13:13,2026-06-22T07:13:13,success,41766,demo-v1.1
R001756,O010316,2026-04-11T01:44:39,2026-04-13T10:44:39,success,155075,demo-v1.1
R001757,O010317,2026-03-19T14:09:19,2026-03-20T22:09:19,success,563838,demo-v1.1
R001758,O010331,2026-05-06T20:45:43,,pending,889692,demo-v1.1
R001759,O010333,2026-04-04T01:51:31,2026-04-05T04:51:31,success,252493,demo-v1.1
R001760,O010337,2026-06-02T09:00:40,2026-06-03T10:00:40,success,891530,demo-v1.1
R001761,O010345,2026-05-02T16:31:02,2026-05-04T08:31:02,success,22258,demo-v1.1
R001762,O010345,2026-05-04T08:32:02,2026-05-06T07:32:02,success,232928,demo-v1.1
R001763,O010346,2026-05-27T06:05:14,2026-05-27T07:05:14,success,675397,demo-v1.1
R001764,O010348,2026-03-01T15:15:10,2026-03-01T18:15:10,success,356033,demo-v1.1
R001765,O010349,2026-02-11T12:50:10,2026-02-14T07:50:10,success,1089175,demo-v1.1
R001766,O010356,2026-04-30T08:38:31,2026-04-30T20:38:31,success,794488,demo-v1.1
R001767,O010356,2026-04-30T20:39:31,2026-05-01T06:39:31,success,194407,demo-v1.1
R001768,O010362,2026-07-17T12:37:51,2026-07-19T19:37:51,success,2525,demo-v1.1
R001769,O010362,2026-07-19T19:38:51,,pending,8899,demo-v1.1
R001770,O010364,2026-09-12T02:20:48,2026-09-12T12:20:48,success,498424,demo-v1.1
R001771,O010367,2026-04-20T20:16:10,,failed,629283,demo-v1.1
R001772,O010373,2026-04-13T14:18:57,2026-04-14T23:18:57,success,49768,demo-v1.1
R001773,O010373,2026-04-14T23:19:57,,pending,163100,demo-v1.1
R001774,O010378,2026-09-08T09:52:35,2026-09-10T01:52:35,success,671972,demo-v1.1
R001775,O010380,2026-09-11T18:53:57,2026-09-12T12:53:57,success,538074,demo-v1.1
R001776,O010383,2026-05-05T03:11:52,2026-05-07T03:11:52,success,441382,demo-v1.1
R001777,O010392,2026-07-14T01:19:32,,pending,400856,demo-v1.1
R001778,O010398,2026-07-11T05:29:52,,pending,3054,demo-v1.1
R001779,O010404,2026-06-24T16:44:25,2026-06-27T03:44:25,success,21547,demo-v1.1
R001780,O010409,2026-04-23T16:33:13,2026-04-23T23:33:13,success,869434,demo-v1.1
R001781,O010412,2026-03-18T00:46:10,2026-03-19T21:46:10,success,30292,demo-v1.1
R001782,O010421,2026-09-15T02:20:49,2026-09-17T16:20:49,success,1155493,demo-v1.1
R001783,O010422,2026-09-04T04:42:34,2026-09-05T21:42:34,success,510454,demo-v1.1
R001784,O010423,2026-02-03T11:40:35,2026-02-03T23:40:35,success,294481,demo-v1.1
R001785,O010426,2026-07-16T17:44:47,2026-07-17T19:44:47,success,117946,demo-v1.1
R001786,O010430,2026-09-30T23:59:59,2026-09-30T23:59:59,success,1601181,demo-v1.1
R001787,O010431,2026-07-31T19:58:16,2026-08-01T04:58:16,success,154079,demo-v1.1
R001788,O010447,2026-03-01T09:00:46,2026-03-03T09:00:46,success,139338,demo-v1.1
R001789,O010462,2026-08-10T04:32:30,2026-08-13T04:32:30,success,442602,demo-v1.1
R001790,O010468,2026-03-07T15:48:37,2026-03-08T15:48:37,success,579989,demo-v1.1
R001791,O010477,2026-01-12T05:07:34,2026-01-13T07:07:34,success,1853452,demo-v1.1
R001792,O010482,2026-07-29T15:47:03,2026-07-31T06:47:03,success,54336,demo-v1.1
R001793,O010484,2026-02-23T13:50:01,2026-02-25T23:50:01,success,466847,demo-v1.1
R001794,O010486,2026-02-26T22:38:59,2026-02-28T05:38:59,success,429488,demo-v1.1
R001795,O010489,2026-02-06T13:30:47,,pending,1125617,demo-v1.1
R001796,O010490,2026-06-18T12:08:09,2026-06-21T09:08:09,success,822455,demo-v1.1
R001797,O010510,2026-05-16T20:42:14,2026-05-19T19:42:14,success,226570,demo-v1.1
R001798,O010513,2026-05-17T19:34:32,2026-05-19T00:34:32,success,392182,demo-v1.1
R001799,O010514,2026-08-22T10:00:58,2026-08-23T16:00:58,success,592878,demo-v1.1
R001800,O010516,2026-07-31T09:07:19,2026-08-02T23:07:19,success,182118,demo-v1.1
R001801,O010517,2026-05-12T05:32:25,2026-05-14T05:32:25,success,109308,demo-v1.1
R001802,O010519,2026-06-06T07:55:41,2026-06-08T20:55:41,success,210634,demo-v1.1
R001803,O010527,2026-08-28T07:13:12,2026-08-28T15:13:12,success,186739,demo-v1.1
R001804,O010531,2026-05-07T18:42:12,2026-05-10T12:42:12,success,160804,demo-v1.1
R001805,O010542,2026-07-25T09:38:37,2026-07-27T14:38:37,success,243448,demo-v1.1
R001806,O010551,2026-03-08T10:17:04,2026-03-10T19:17:04,success,392942,demo-v1.1
R001807,O010558,2026-04-08T12:27:14,2026-04-11T01:27:14,success,1312017,demo-v1.1
R001808,O010580,2026-03-31T20:57:56,2026-04-02T13:57:56,success,1006647,demo-v1.1
R001809,O010583,2026-02-12T20:34:02,2026-02-14T07:34:02,success,433018,demo-v1.1
R001810,O010593,2026-01-22T17:38:02,,pending,425749,demo-v1.1
R001811,O010602,2026-09-05T05:30:09,2026-09-07T07:30:09,success,416277,demo-v1.1
R001812,O010617,2026-07-18T20:39:49,2026-07-19T02:39:49,success,397691,demo-v1.1
R001813,O010624,2026-05-06T18:38:39,2026-05-08T04:38:39,success,4901,demo-v1.1
R001814,O010629,2026-05-25T15:27:48,2026-05-26T11:27:48,success,275559,demo-v1.1
R001815,O010630,2026-04-28T08:04:16,2026-04-29T06:04:16,success,211726,demo-v1.1
R001816,O010632,2026-07-04T23:32:53,2026-07-05T21:32:53,success,32483,demo-v1.1
R001817,O010639,2026-06-01T17:35:11,2026-06-03T12:35:11,success,531836,demo-v1.1
R001818,O010645,2026-04-12T15:05:37,2026-04-13T15:05:37,success,225415,demo-v1.1
R001819,O010648,2026-09-30T23:59:59,2026-09-30T23:59:59,success,204674,demo-v1.1
R001820,O010654,2026-01-23T10:55:27,2026-01-25T18:55:27,success,202644,demo-v1.1
R001821,O010660,2026-09-30T23:59:59,,failed,267942,demo-v1.1
R001822,O010667,2026-07-18T03:49:22,2026-07-19T11:49:22,success,86639,demo-v1.1
R001823,O010669,2026-05-20T17:15:36,2026-05-21T13:15:36,success,20183,demo-v1.1
R001824,O010669,2026-05-21T13:16:36,,failed,119176,demo-v1.1
R001825,O010675,2026-08-24T08:31:52,2026-08-25T16:31:52,success,58013,demo-v1.1
R001826,O010677,2026-09-30T23:59:59,,pending,197214,demo-v1.1
R001827,O010683,2026-02-12T21:12:08,2026-02-14T04:12:08,success,1524396,demo-v1.1
R001828,O010689,2026-02-14T14:32:56,2026-02-15T15:32:56,success,1093722,demo-v1.1
R001829,O010701,2026-03-28T20:03:13,2026-03-31T09:03:13,success,69386,demo-v1.1
R001830,O010701,2026-03-31T09:04:13,2026-04-02T08:04:13,success,1679053,demo-v1.1
R001831,O010712,2026-05-25T05:50:56,2026-05-27T03:50:56,success,293544,demo-v1.1
R001832,O010733,2026-08-15T13:12:07,2026-08-17T22:12:07,success,843459,demo-v1.1
R001833,O010738,2026-03-05T14:42:25,2026-03-07T23:42:25,success,430696,demo-v1.1
R001834,O010742,2026-01-21T10:16:28,,pending,274762,demo-v1.1
R001835,O010750,2026-05-06T09:44:57,2026-05-06T13:44:57,success,44704,demo-v1.1
R001836,O010750,2026-05-06T13:45:57,2026-05-07T15:45:57,success,87883,demo-v1.1
R001837,O010751,2026-05-11T10:54:03,2026-05-11T22:54:03,success,81351,demo-v1.1
R001838,O010754,2026-01-09T08:20:59,,failed,239960,demo-v1.1
R001839,O010754,2026-01-09T20:21:59,2026-01-11T00:21:59,success,1130798,demo-v1.1
R001840,O010763,2026-06-28T12:46:53,2026-06-30T08:46:53,success,109360,demo-v1.1
R001841,O010766,2026-09-30T23:59:59,2026-09-30T23:59:59,success,114989,demo-v1.1
R001842,O010768,2026-03-22T16:16:56,2026-03-23T16:16:56,success,1064592,demo-v1.1
R001843,O010772,2026-01-29T05:17:35,2026-01-29T17:17:35,success,1051125,demo-v1.1
R001844,O010803,2026-05-25T16:19:21,2026-05-27T18:19:21,success,978826,demo-v1.1
R001845,O010808,2026-07-08T14:52:19,2026-07-08T15:52:19,success,156108,demo-v1.1
R001846,O010817,2026-07-13T12:45:45,2026-07-16T10:45:45,success,180408,demo-v1.1
R001847,O010828,2026-08-14T10:31:00,2026-08-16T19:31:00,success,1041958,demo-v1.1
R001848,O010843,2026-02-17T23:30:16,2026-02-19T10:30:16,success,270795,demo-v1.1
R001849,O010849,2026-03-24T10:53:06,,pending,49723,demo-v1.1
R001850,O010850,2026-07-10T18:13:56,2026-07-11T11:13:56,success,192893,demo-v1.1
R001851,O010857,2026-07-10T03:52:51,2026-07-10T12:52:51,success,257916,demo-v1.1
R001852,O010860,2026-07-27T18:30:53,2026-07-29T20:30:53,success,1517484,demo-v1.1
R001853,O010866,2026-02-06T20:51:45,,failed,220394,demo-v1.1
R001854,O010876,2026-02-02T07:12:19,,pending,626309,demo-v1.1
R001855,O010877,2026-08-18T09:10:05,2026-08-18T19:10:05,success,462440,demo-v1.1
R001856,O010880,2026-09-21T06:46:11,2026-09-21T23:46:11,success,31536,demo-v1.1
R001857,O010902,2026-01-14T20:28:34,2026-01-15T03:28:34,success,247240,demo-v1.1
R001858,O010910,2026-03-06T01:32:28,2026-03-06T17:32:28,success,142265,demo-v1.1
R001859,O010913,2026-05-20T04:11:33,2026-05-21T17:11:33,success,598055,demo-v1.1
R001860,O010917,2026-09-21T08:40:48,2026-09-22T07:40:48,success,815467,demo-v1.1
R001861,O010923,2026-07-29T22:47:27,2026-07-30T15:47:27,success,29854,demo-v1.1
R001862,O010925,2026-08-26T16:58:04,2026-08-27T14:58:04,success,468420,demo-v1.1
R001863,O010929,2026-02-12T19:39:59,2026-02-14T05:39:59,success,254781,demo-v1.1
R001864,O010936,2026-03-20T22:55:00,2026-03-21T07:55:00,success,173292,demo-v1.1
R001865,O010946,2026-09-09T15:14:37,2026-09-10T10:14:37,success,1349261,demo-v1.1
R001866,O010951,2026-09-30T23:59:59,2026-09-30T23:59:59,success,449217,demo-v1.1
R001867,O010961,2026-08-07T10:56:48,2026-08-09T17:56:48,success,18401,demo-v1.1
R001868,O010964,2026-05-03T12:20:46,2026-05-04T07:20:46,success,258819,demo-v1.1
R001869,O010979,2026-05-09T01:53:12,2026-05-09T08:53:12,success,1756362,demo-v1.1
R001870,O010988,2026-02-05T06:42:01,2026-02-05T07:42:01,success,19490,demo-v1.1
R001871,O010997,2026-06-15T07:17:26,2026-06-18T05:17:26,success,308226,demo-v1.1
R001872,O011008,2026-04-04T03:42:18,2026-04-04T08:42:18,success,413930,demo-v1.1
R001873,O011009,2026-07-23T10:39:05,2026-07-23T19:39:05,success,37884,demo-v1.1
R001874,O011009,2026-07-23T19:40:05,2026-07-24T02:40:05,success,287916,demo-v1.1
R001875,O011011,2026-06-08T08:48:07,2026-06-08T13:48:07,success,58021,demo-v1.1
R001876,O011012,2026-04-12T01:20:59,2026-04-13T12:20:59,success,191882,demo-v1.1
R001877,O011012,2026-04-13T12:21:59,2026-04-16T04:21:59,success,514113,demo-v1.1
R001878,O011023,2026-05-24T18:21:30,2026-05-26T01:21:30,success,987912,demo-v1.1
R001879,O011026,2026-09-30T23:59:59,2026-09-30T23:59:59,success,2296,demo-v1.1
R001880,O011029,2026-09-30T23:59:59,2026-09-30T23:59:59,success,96923,demo-v1.1
R001881,O011037,2026-03-02T11:19:45,2026-03-04T09:19:45,success,605594,demo-v1.1
R001882,O011038,2026-01-13T18:25:07,,pending,976243,demo-v1.1
R001883,O011039,2026-09-30T13:03:15,2026-09-30T23:59:59,success,329623,demo-v1.1
R001884,O011043,2026-05-05T00:50:47,2026-05-06T18:50:47,success,78326,demo-v1.1
R001885,O011044,2026-07-05T15:04:50,2026-07-08T06:04:50,success,1946173,demo-v1.1
R001886,O011056,2026-08-05T11:11:21,2026-08-07T16:11:21,success,1399958,demo-v1.1
R001887,O011065,2026-09-24T04:52:44,2026-09-26T14:52:44,success,559836,demo-v1.1
R001888,O011093,2026-02-18T10:13:15,2026-02-18T20:13:15,success,639729,demo-v1.1
R001889,O011094,2026-08-17T03:34:48,,failed,58188,demo-v1.1
R001890,O011096,2026-08-17T21:22:57,2026-08-20T01:22:57,success,326970,demo-v1.1
R001891,O011098,2026-09-17T23:46:14,,pending,921758,demo-v1.1
R001892,O011103,2026-03-14T09:45:40,2026-03-14T20:45:40,success,233961,demo-v1.1
R001893,O011109,2026-06-01T04:47:43,2026-06-01T08:47:43,success,1003322,demo-v1.1
R001894,O011129,2026-06-17T13:23:03,2026-06-18T17:23:03,success,181747,demo-v1.1
R001895,O011129,2026-06-18T17:24:03,2026-06-19T05:24:03,success,98618,demo-v1.1
R001896,O011133,2026-06-17T02:40:18,2026-06-18T05:40:18,success,15654,demo-v1.1
R001897,O011140,2026-05-28T05:28:45,2026-05-30T09:28:45,success,184761,demo-v1.1
R001898,O011144,2026-09-21T06:56:12,2026-09-23T15:56:12,success,129179,demo-v1.1
R001899,O011163,2026-04-01T07:38:49,2026-04-03T18:38:49,success,412,demo-v1.1
R001900,O011163,2026-04-03T18:39:49,2026-04-04T12:39:49,success,15711,demo-v1.1
R001901,O011164,2026-03-25T19:40:26,2026-03-27T09:40:26,success,857577,demo-v1.1
R001902,O011186,2026-01-19T12:01:04,,pending,655094,demo-v1.1
R001903,O011194,2026-07-12T08:36:09,2026-07-14T17:36:09,success,1407498,demo-v1.1
R001904,O011202,2026-09-24T02:10:50,,failed,66011,demo-v1.1
R001905,O011207,2026-05-22T16:06:17,2026-05-25T14:06:17,success,420843,demo-v1.1
R001906,O011208,2026-08-11T14:32:36,2026-08-14T13:32:36,success,539488,demo-v1.1
R001907,O011209,2026-08-12T09:12:21,2026-08-15T02:12:21,success,282112,demo-v1.1
R001908,O011225,2026-07-31T01:09:38,2026-08-01T12:09:38,success,1776480,demo-v1.1
R001909,O011236,2026-02-16T03:12:49,2026-02-16T04:12:49,success,1008010,demo-v1.1
R001910,O011246,2026-05-24T22:21:56,2026-05-26T14:21:56,success,1088752,demo-v1.1
R001911,O011252,2026-03-24T02:44:54,2026-03-26T23:44:54,success,143352,demo-v1.1
R001912,O011259,2026-08-22T06:06:12,2026-08-24T11:06:12,success,1100104,demo-v1.1
R001913,O011261,2026-05-05T16:58:26,,failed,308033,demo-v1.1
R001914,O011262,2026-09-12T11:20:16,2026-09-12T15:20:16,success,25415,demo-v1.1
R001915,O011263,2026-08-07T00:14:35,2026-08-09T12:14:35,success,436098,demo-v1.1
R001916,O011270,2026-07-05T18:02:00,2026-07-08T02:02:00,success,17004,demo-v1.1
R001917,O011278,2026-03-29T12:26:16,2026-03-31T20:26:16,success,342254,demo-v1.1
R001918,O011287,2026-01-23T07:55:43,2026-01-25T01:55:43,success,126965,demo-v1.1
R001919,O011293,2026-04-18T19:37:45,2026-04-21T05:37:45,success,102432,demo-v1.1
R001920,O011300,2026-09-23T03:38:09,2026-09-24T06:38:09,success,444974,demo-v1.1
R001921,O011301,2026-03-31T20:15:05,2026-04-03T14:15:05,success,473295,demo-v1.1
R001922,O011306,2026-01-28T01:05:38,,failed,731636,demo-v1.1
R001923,O011307,2026-08-07T21:59:49,2026-08-10T01:59:49,success,66268,demo-v1.1
R001924,O011309,2026-08-28T20:30:10,2026-08-30T17:30:10,success,540615,demo-v1.1
R001925,O011313,2026-07-17T19:05:55,2026-07-18T00:05:55,success,29945,demo-v1.1
R001926,O011339,2026-05-16T10:18:48,2026-05-18T01:18:48,success,1145334,demo-v1.1
R001927,O011345,2026-02-03T19:59:29,2026-02-06T17:59:29,success,8982,demo-v1.1
R001928,O011347,2026-03-05T00:54:33,2026-03-06T09:54:33,success,486989,demo-v1.1
R001929,O011351,2026-09-04T06:50:36,2026-09-05T13:50:36,success,816317,demo-v1.1
R001930,O011354,2026-05-17T12:00:31,2026-05-19T09:00:31,success,1625660,demo-v1.1
R001931,O011356,2026-06-16T17:27:32,2026-06-17T16:27:32,success,1248247,demo-v1.1
R001932,O011376,2026-04-30T09:17:46,2026-05-03T07:17:46,success,31469,demo-v1.1
R001933,O011380,2026-06-12T04:00:48,2026-06-14T05:00:48,success,29440,demo-v1.1
R001934,O011380,2026-06-14T05:01:48,,pending,112685,demo-v1.1
R001935,O011382,2026-06-30T03:39:19,,failed,34929,demo-v1.1
R001936,O011386,2026-05-13T05:46:51,,pending,78806,demo-v1.1
R001937,O011396,2026-07-28T05:21:17,2026-07-28T15:21:17,success,938198,demo-v1.1
R001938,O011399,2026-02-24T11:51:48,2026-02-25T02:51:48,success,407124,demo-v1.1
R001939,O011405,2026-08-27T10:50:18,2026-08-28T16:50:18,success,802646,demo-v1.1
R001940,O011408,2026-05-20T09:03:06,2026-05-22T09:03:06,success,200117,demo-v1.1
R001941,O011412,2026-08-04T09:14:34,2026-08-06T10:14:34,success,55770,demo-v1.1
R001942,O011414,2026-05-04T21:13:58,2026-05-06T17:13:58,success,43817,demo-v1.1
R001943,O011427,2026-08-28T15:17:45,2026-08-31T09:17:45,success,865673,demo-v1.1
R001944,O011429,2026-03-13T12:41:56,2026-03-15T08:41:56,success,138009,demo-v1.1
R001945,O011448,2026-02-02T18:42:17,2026-02-04T03:42:17,success,1148804,demo-v1.1
R001946,O011451,2026-09-30T23:59:59,2026-09-30T23:59:59,success,270624,demo-v1.1
R001947,O011452,2026-09-02T03:45:48,2026-09-04T05:45:48,success,460083,demo-v1.1
R001948,O011458,2026-09-17T15:28:45,,failed,973381,demo-v1.1
R001949,O011462,2026-06-12T07:18:10,2026-06-13T16:18:10,success,489961,demo-v1.1
R001950,O011468,2026-03-04T13:08:41,2026-03-07T05:08:41,success,1650757,demo-v1.1
R001951,O011471,2026-09-06T22:02:22,2026-09-08T01:02:22,success,153205,demo-v1.1
R001952,O011472,2026-04-18T21:49:52,2026-04-21T14:49:52,success,216607,demo-v1.1
R001953,O011473,2026-06-06T03:23:57,2026-06-08T17:23:57,success,464735,demo-v1.1
R001954,O011479,2026-06-01T04:36:19,2026-06-02T21:36:19,success,1396023,demo-v1.1
R001955,O011501,2026-03-27T10:40:44,2026-03-27T15:40:44,success,43336,demo-v1.1
R001956,O011503,2026-07-16T17:25:35,2026-07-17T08:25:35,success,176937,demo-v1.1
R001957,O011512,2026-02-16T14:18:30,2026-02-17T22:18:30,success,1027503,demo-v1.1
R001958,O011517,2026-03-03T23:15:17,2026-03-05T19:15:17,success,566915,demo-v1.1
R001959,O011518,2026-07-16T22:49:08,2026-07-18T06:49:08,success,621874,demo-v1.1
R001960,O011523,2026-03-06T16:28:21,2026-03-09T03:28:21,success,483456,demo-v1.1
R001961,O011528,2026-05-28T13:49:08,,pending,26434,demo-v1.1
R001962,O011531,2026-08-09T23:03:57,2026-08-12T22:03:57,success,6815,demo-v1.1
R001963,O011539,2026-05-20T06:02:26,2026-05-23T01:02:26,success,1393674,demo-v1.1
R001964,O011546,2026-09-30T23:59:59,2026-09-30T23:59:59,success,219879,demo-v1.1
R001965,O011561,2026-01-28T08:40:15,2026-01-29T03:40:15,success,227096,demo-v1.1
R001966,O011564,2026-05-29T18:50:47,2026-05-30T01:50:47,success,292833,demo-v1.1
R001967,O011566,2026-04-27T18:47:17,2026-04-28T14:47:17,success,641975,demo-v1.1
R001968,O011566,2026-04-28T14:48:17,2026-04-28T18:48:17,success,82762,demo-v1.1
R001969,O011570,2026-08-30T17:43:32,2026-09-01T11:43:32,success,307199,demo-v1.1
R001970,O011573,2026-02-26T18:23:03,2026-02-28T07:23:03,success,224802,demo-v1.1
R001971,O011576,2026-09-30T23:59:59,2026-09-30T23:59:59,success,621266,demo-v1.1
R001972,O011589,2026-01-14T00:32:47,2026-01-14T10:32:47,success,1407514,demo-v1.1
R001973,O011591,2026-09-08T16:45:18,2026-09-08T17:45:18,success,477710,demo-v1.1
R001974,O011595,2026-06-12T10:12:11,2026-06-14T22:12:11,success,71826,demo-v1.1
R001975,O011600,2026-08-03T07:31:44,2026-08-04T19:31:44,success,309188,demo-v1.1
R001976,O011604,2026-05-16T12:51:28,2026-05-17T13:51:28,success,34035,demo-v1.1
R001977,O011609,2026-01-06T14:31:26,2026-01-08T17:31:26,success,919628,demo-v1.1
R001978,O011614,2026-02-17T05:39:00,2026-02-18T11:39:00,success,1058089,demo-v1.1
R001979,O011620,2026-01-26T10:24:01,2026-01-28T23:24:01,success,722885,demo-v1.1
R001980,O011622,2026-05-19T05:30:58,2026-05-21T18:30:58,success,222903,demo-v1.1
R001981,O011635,2026-02-04T01:20:01,2026-02-06T05:20:01,success,527386,demo-v1.1
R001982,O011636,2026-05-15T06:21:03,2026-05-15T23:21:03,success,1088913,demo-v1.1
R001983,O011648,2026-03-17T13:30:51,2026-03-19T14:30:51,success,369221,demo-v1.1
R001984,O011654,2026-08-09T19:13:58,2026-08-11T23:13:58,success,477919,demo-v1.1
R001985,O011662,2026-09-04T16:21:19,2026-09-05T11:21:19,success,22612,demo-v1.1
R001986,O011662,2026-09-05T11:22:19,2026-09-08T05:22:19,success,93,demo-v1.1
R001987,O011667,2026-09-14T23:33:46,2026-09-16T20:33:46,success,42073,demo-v1.1
R001988,O011687,2026-08-17T14:26:29,2026-08-19T10:26:29,success,67710,demo-v1.1
R001989,O011696,2026-02-07T04:30:27,,pending,332992,demo-v1.1
R001990,O011696,2026-02-08T16:31:27,2026-02-09T03:31:27,success,245075,demo-v1.1
R001991,O011699,2026-09-16T16:28:53,2026-09-19T10:28:53,success,207430,demo-v1.1
R001992,O011704,2026-07-11T18:58:17,2026-07-14T12:58:17,success,1227910,demo-v1.1
R001993,O011725,2026-05-29T17:33:18,,failed,380823,demo-v1.1
R001994,O011733,2026-02-26T12:00:26,2026-02-26T22:00:26,success,1102104,demo-v1.1
R001995,O011734,2026-07-01T15:23:07,2026-07-03T14:23:07,success,103472,demo-v1.1
R001996,O011735,2026-01-01T22:44:24,,failed,759882,demo-v1.1
R001997,O011737,2026-02-16T19:10:20,2026-02-18T01:10:20,success,382772,demo-v1.1
R001998,O011756,2026-07-01T08:08:55,2026-07-03T18:08:55,success,537717,demo-v1.1
R001999,O011762,2026-07-08T17:27:11,2026-07-09T07:27:11,success,208500,demo-v1.1
R002000,O011771,2026-03-17T10:04:45,2026-03-19T02:04:45,success,17913,demo-v1.1
R002001,O011776,2026-01-06T16:41:33,2026-01-07T18:41:33,success,47885,demo-v1.1
R002002,O011797,2026-08-19T07:08:52,2026-08-19T15:08:52,success,166606,demo-v1.1
R002003,O011800,2026-07-05T04:49:35,2026-07-05T15:49:35,success,934289,demo-v1.1
R002004,O011817,2026-06-12T10:03:50,2026-06-12T14:03:50,success,176978,demo-v1.1
R002005,O011818,2026-08-23T20:58:15,2026-08-24T09:58:15,success,1003882,demo-v1.1
R002006,O011820,2026-09-16T20:51:06,2026-09-19T04:51:06,success,686720,demo-v1.1
R002007,O011823,2026-05-17T02:52:16,2026-05-17T09:52:16,success,277365,demo-v1.1
R002008,O011825,2026-02-28T10:58:49,2026-03-02T04:58:49,success,71685,demo-v1.1
R002009,O011826,2026-06-21T20:31:42,,failed,108966,demo-v1.1
R002010,O011844,2026-07-02T01:50:24,2026-07-02T09:50:24,success,7351,demo-v1.1
R002011,O011851,2026-08-03T19:27:16,2026-08-04T19:27:16,success,41354,demo-v1.1
R002012,O011856,2026-02-16T21:32:21,2026-02-18T15:32:21,success,527973,demo-v1.1
R002013,O011860,2026-05-24T04:35:48,2026-05-24T20:35:48,success,815061,demo-v1.1
R002014,O011860,2026-05-24T20:36:48,2026-05-25T00:36:48,success,363680,demo-v1.1
R002015,O011864,2026-08-28T09:31:11,2026-08-29T12:31:11,success,457837,demo-v1.1
R002016,O011864,2026-08-29T12:32:11,2026-08-31T06:32:11,success,220475,demo-v1.1
R002017,O011869,2026-06-24T03:44:20,2026-06-26T12:44:20,success,66565,demo-v1.1
R002018,O011877,2026-08-26T06:55:08,2026-08-28T15:55:08,success,530181,demo-v1.1
R002019,O011880,2026-02-11T15:48:17,2026-02-14T05:48:17,success,307557,demo-v1.1
R002020,O011885,2026-05-22T03:15:13,2026-05-23T03:15:13,success,92190,demo-v1.1
R002021,O011890,2026-05-27T11:16:38,2026-05-28T06:16:38,success,565067,demo-v1.1
R002022,O011899,2026-08-22T10:57:19,2026-08-24T04:57:19,success,513284,demo-v1.1
R002023,O011900,2026-09-05T14:31:08,2026-09-05T20:31:08,success,317957,demo-v1.1
R002024,O011901,2026-04-24T18:08:56,2026-04-25T08:08:56,success,5626,demo-v1.1
R002025,O011922,2026-02-07T17:29:16,2026-02-10T09:29:16,success,159371,demo-v1.1
R002026,O011932,2026-06-16T16:53:15,2026-06-19T04:53:15,success,735293,demo-v1.1
R002027,O011940,2026-08-12T16:35:51,2026-08-15T06:35:51,success,394784,demo-v1.1
R002028,O011943,2026-06-04T03:43:25,2026-06-06T15:43:25,success,81835,demo-v1.1
R002029,O011947,2026-03-18T23:29:27,2026-03-19T01:29:27,success,861666,demo-v1.1
R002030,O011951,2026-07-15T11:00:50,2026-07-16T09:00:50,success,559675,demo-v1.1
R002031,O011957,2026-02-20T08:42:20,2026-02-22T10:42:20,success,1723,demo-v1.1
R002032,O011958,2026-08-03T03:36:23,2026-08-06T03:36:23,success,196238,demo-v1.1
R002033,O011962,2026-09-09T05:43:35,2026-09-10T09:43:35,success,43153,demo-v1.1
R002034,O011968,2026-06-16T12:20:13,2026-06-18T11:20:13,success,80447,demo-v1.1
R002035,O011983,2026-09-25T07:12:30,2026-09-25T10:12:30,success,145467,demo-v1.1
R002036,O011983,2026-09-25T10:13:30,2026-09-26T23:13:30,success,533363,demo-v1.1
R002037,O011984,2026-05-21T09:29:18,2026-05-23T13:29:18,success,224648,demo-v1.1
R002038,O011992,2026-06-03T20:27:42,2026-06-04T17:27:42,success,158812,demo-v1.1
R002039,O011995,2026-09-15T08:09:49,2026-09-17T08:09:49,success,104809,demo-v1.1
R002040,O011998,2026-06-29T04:40:19,2026-06-29T13:40:19,success,480796,demo-v1.1
R002041,O012007,2026-05-19T14:53:59,2026-05-19T20:53:59,success,1153808,demo-v1.1
R002042,O012013,2026-09-29T21:06:16,2026-09-30T23:59:59,success,24847,demo-v1.1
R002043,O012044,2026-08-30T06:00:55,2026-08-31T18:00:55,success,859788,demo-v1.1
R002044,O012056,2026-01-25T23:30:36,2026-01-27T05:30:36,success,24501,demo-v1.1
R002045,O012057,2026-03-28T01:39:34,2026-03-28T12:39:34,success,1354,demo-v1.1
R002046,O012061,2026-04-17T03:21:59,2026-04-19T20:21:59,success,59381,demo-v1.1
R002047,O012066,2026-02-02T15:37:27,2026-02-04T19:37:27,success,983080,demo-v1.1
R002048,O012067,2026-08-09T09:37:14,2026-08-09T15:37:14,success,27234,demo-v1.1
R002049,O012068,2026-09-30T23:59:59,2026-09-30T23:59:59,success,22991,demo-v1.1
R002050,O012072,2026-06-26T22:47:18,2026-06-27T15:47:18,success,300985,demo-v1.1
R002051,O012098,2026-03-18T12:57:57,2026-03-21T10:57:57,success,3007,demo-v1.1
R002052,O012101,2026-07-17T17:28:40,2026-07-19T21:28:40,success,105062,demo-v1.1
R002053,O012110,2026-03-01T18:26:37,2026-03-01T20:26:37,success,438289,demo-v1.1
R002054,O012120,2026-04-02T20:08:00,2026-04-04T20:08:00,success,78198,demo-v1.1
R002055,O012121,2026-03-23T02:56:12,2026-03-24T02:56:12,success,811333,demo-v1.1
R002056,O012124,2026-04-23T08:53:06,2026-04-24T01:53:06,success,52210,demo-v1.1
R002057,O012131,2026-08-24T19:00:51,2026-08-27T16:00:51,success,3527,demo-v1.1
R002058,O012137,2026-01-28T05:56:53,2026-01-30T03:56:53,success,328092,demo-v1.1
R002059,O012140,2026-06-22T03:27:36,2026-06-24T03:27:36,success,754648,demo-v1.1
R002060,O012147,2026-06-10T04:16:18,2026-06-10T23:16:18,success,853464,demo-v1.1
R002061,O012148,2026-06-28T19:05:24,,pending,697998,demo-v1.1
R002062,O012163,2026-01-19T17:16:44,2026-01-21T05:16:44,success,1161159,demo-v1.1
R002063,O012164,2026-08-16T09:33:25,2026-08-17T14:33:25,success,436559,demo-v1.1
R002064,O012176,2026-07-06T14:51:25,2026-07-08T21:51:25,success,238611,demo-v1.1
R002065,O012182,2026-02-23T00:47:57,2026-02-24T11:47:57,success,1273215,demo-v1.1
R002066,O012183,2026-05-25T20:11:44,2026-05-26T05:11:44,success,1336336,demo-v1.1
R002067,O012198,2026-05-22T01:00:35,2026-05-22T12:00:35,success,1527667,demo-v1.1
R002068,O012200,2026-06-20T02:18:59,2026-06-21T15:18:59,success,376117,demo-v1.1
R002069,O012202,2026-09-23T22:44:04,,failed,311424,demo-v1.1
R002070,O012214,2026-07-15T05:50:26,,pending,448621,demo-v1.1
R002071,O012221,2026-07-26T15:19:06,2026-07-27T03:19:06,success,739944,demo-v1.1
R002072,O012230,2026-09-30T23:59:59,2026-09-30T23:59:59,success,196380,demo-v1.1
R002073,O012237,2026-03-15T19:15:55,2026-03-18T07:15:55,success,28336,demo-v1.1
R002074,O012241,2026-01-27T03:37:27,2026-01-29T10:37:27,success,94568,demo-v1.1
R002075,O012259,2026-02-11T10:43:48,2026-02-11T11:43:48,success,868061,demo-v1.1
R002076,O012264,2026-04-16T19:49:50,2026-04-19T03:49:50,success,1370555,demo-v1.1
R002077,O012267,2026-09-20T23:51:45,2026-09-21T18:51:45,success,19010,demo-v1.1
R002078,O012277,2026-01-22T07:37:03,,pending,256568,demo-v1.1
R002079,O012288,2026-04-01T18:26:00,2026-04-04T15:26:00,success,929768,demo-v1.1
R002080,O012292,2026-01-29T08:55:12,2026-01-29T12:55:12,success,133385,demo-v1.1
R002081,O012292,2026-01-29T12:56:12,2026-02-01T00:56:12,success,449113,demo-v1.1
R002082,O012295,2026-08-16T16:27:50,2026-08-17T16:27:50,success,212690,demo-v1.1
R002083,O012297,2026-08-02T18:26:56,2026-08-03T12:26:56,success,818746,demo-v1.1
R002084,O012300,2026-06-26T15:57:49,2026-06-29T00:57:49,success,182165,demo-v1.1
R002085,O012303,2026-07-17T17:50:40,2026-07-19T16:50:40,success,45997,demo-v1.1
R002086,O012306,2026-09-30T23:59:59,2026-09-30T23:59:59,success,1528881,demo-v1.1
R002087,O012308,2026-09-30T23:59:59,,failed,451757,demo-v1.1
R002088,O012315,2026-08-23T02:34:37,2026-08-24T12:34:37,success,1429346,demo-v1.1
R002089,O012322,2026-05-30T15:12:34,2026-06-01T20:12:34,success,1221823,demo-v1.1
R002090,O012323,2026-09-19T08:46:15,,failed,569004,demo-v1.1
R002091,O012324,2026-03-11T18:32:17,2026-03-14T11:32:17,success,293681,demo-v1.1
R002092,O012324,2026-03-14T11:33:17,2026-03-14T23:33:17,success,155963,demo-v1.1
R002093,O012360,2026-09-26T00:41:20,2026-09-29T00:41:20,success,431995,demo-v1.1
R002094,O012371,2026-06-13T06:18:45,2026-06-14T02:18:45,success,366882,demo-v1.1
R002095,O012372,2026-08-27T06:30:07,,failed,1266175,demo-v1.1
R002096,O012373,2026-06-04T06:06:01,,failed,95732,demo-v1.1
R002097,O012375,2026-05-10T20:10:04,2026-05-13T14:10:04,success,238515,demo-v1.1
R002098,O012387,2026-09-30T23:59:59,2026-09-30T23:59:59,success,1731657,demo-v1.1
R002099,O012392,2026-06-17T21:02:56,2026-06-19T22:02:56,success,19165,demo-v1.1
R002100,O012395,2026-07-09T07:54:42,2026-07-10T18:54:42,success,65191,demo-v1.1
R002101,O012395,2026-07-10T18:55:42,,pending,105315,demo-v1.1
R002102,O012397,2026-01-13T19:51:58,,failed,934160,demo-v1.1
R002103,O012402,2026-09-18T09:05:37,2026-09-19T05:05:37,success,89329,demo-v1.1
R002104,O012404,2026-09-15T10:43:18,2026-09-16T20:43:18,success,535868,demo-v1.1
R002105,O012417,2026-08-28T11:05:49,2026-08-30T05:05:49,success,44839,demo-v1.1
R002106,O012417,2026-08-30T05:06:49,2026-08-31T01:06:49,success,32415,demo-v1.1
R002107,O012424,2026-07-20T11:01:44,,pending,176034,demo-v1.1
R002108,O012424,2026-07-22T23:02:44,2026-07-23T14:02:44,success,235049,demo-v1.1
R002109,O012430,2026-06-23T18:00:26,2026-06-26T05:00:26,success,271944,demo-v1.1
R002110,O012441,2026-02-11T16:57:16,2026-02-12T21:57:16,success,348718,demo-v1.1
R002111,O012450,2026-02-06T21:16:49,2026-02-09T12:16:49,success,123335,demo-v1.1
R002112,O012452,2026-08-16T11:15:04,2026-08-16T17:15:04,success,217058,demo-v1.1
R002113,O012486,2026-08-11T21:14:23,2026-08-13T20:14:23,success,1087234,demo-v1.1
R002114,O012488,2026-06-08T10:55:14,2026-06-08T21:55:14,success,59360,demo-v1.1
R002115,O012501,2026-01-28T15:29:55,2026-01-31T11:29:55,success,477916,demo-v1.1
R002116,O012510,2026-06-04T09:38:17,2026-06-05T17:38:17,success,335292,demo-v1.1
R002117,O012521,2026-09-30T23:59:59,2026-09-30T23:59:59,success,679243,demo-v1.1
R002118,O012523,2026-05-08T22:32:29,,pending,661163,demo-v1.1
R002119,O012528,2026-05-16T09:14:20,,failed,533499,demo-v1.1
R002120,O012538,2026-03-07T23:44:17,,pending,12586,demo-v1.1
R002121,O012548,2026-06-08T07:08:04,2026-06-08T17:08:04,success,124663,demo-v1.1
R002122,O012553,2026-03-30T23:29:24,2026-04-02T18:29:24,success,448727,demo-v1.1
R002123,O012558,2026-07-15T10:52:04,2026-07-15T14:52:04,success,801589,demo-v1.1
R002124,O012562,2026-02-08T12:23:21,2026-02-08T23:23:21,success,549355,demo-v1.1
R002125,O012572,2026-05-12T10:27:02,2026-05-13T20:27:02,success,729436,demo-v1.1
R002126,O012577,2026-04-15T12:47:50,2026-04-16T20:47:50,success,1299065,demo-v1.1
R002127,O012585,2026-02-09T01:29:49,2026-02-10T01:29:49,success,663082,demo-v1.1
R002128,O012586,2026-02-16T08:13:06,2026-02-18T11:13:06,success,274298,demo-v1.1
R002129,O012594,2026-04-24T18:26:09,2026-04-25T22:26:09,success,170445,demo-v1.1
R002130,O012600,2026-04-01T09:56:01,2026-04-03T20:56:01,success,264635,demo-v1.1
R002131,O012602,2026-09-19T09:54:00,2026-09-20T14:54:00,success,806119,demo-v1.1
R002132,O012606,2026-02-21T04:17:51,2026-02-21T18:17:51,success,369044,demo-v1.1
R002133,O012610,2026-03-04T17:55:17,2026-03-06T22:55:17,success,685336,demo-v1.1
R002134,O012612,2026-09-30T23:59:59,2026-09-30T23:59:59,success,585007,demo-v1.1
R002135,O012612,2026-09-30T23:59:59,2026-09-30T23:59:59,success,381030,demo-v1.1
R002136,O012630,2026-01-31T16:01:54,2026-02-03T11:01:54,success,97184,demo-v1.1
R002137,O012641,2026-01-21T13:00:26,,failed,437089,demo-v1.1
R002138,O012647,2026-03-26T05:24:44,2026-03-29T02:24:44,success,362878,demo-v1.1
R002139,O012649,2026-03-07T17:05:47,2026-03-10T07:05:47,success,330842,demo-v1.1
R002140,O012663,2026-09-05T17:42:40,2026-09-06T23:42:40,success,920115,demo-v1.1
R002141,O012664,2026-04-22T20:58:51,2026-04-24T10:58:51,success,738801,demo-v1.1
R002142,O012679,2026-07-22T22:50:26,2026-07-25T08:50:26,success,208073,demo-v1.1
R002143,O012683,2026-05-13T01:18:51,2026-05-15T01:18:51,success,1008131,demo-v1.1
R002144,O012694,2026-05-10T01:49:10,2026-05-12T21:49:10,success,674580,demo-v1.1
R002145,O012694,2026-05-12T21:50:10,,failed,360204,demo-v1.1
R002146,O012721,2026-05-09T06:20:06,,pending,443827,demo-v1.1
R002147,O012721,2026-05-10T13:21:06,2026-05-10T17:21:06,success,172076,demo-v1.1
R002148,O012730,2026-07-02T19:14:21,2026-07-03T18:14:21,success,65965,demo-v1.1
R002149,O012735,2026-01-24T06:58:42,2026-01-27T05:58:42,success,38114,demo-v1.1
R002150,O012737,2026-01-15T18:24:13,2026-01-16T05:24:13,success,146320,demo-v1.1
R002151,O012751,2026-08-04T22:33:31,2026-08-05T20:33:31,success,238733,demo-v1.1
R002152,O012759,2026-05-11T08:29:01,,pending,288992,demo-v1.1
R002153,O012761,2026-07-16T16:31:08,,pending,199328,demo-v1.1
R002154,O012762,2026-01-24T04:53:40,2026-01-25T12:53:40,success,183306,demo-v1.1
R002155,O012767,2026-03-14T21:43:12,,pending,633811,demo-v1.1
R002156,O012772,2026-07-11T17:14:34,2026-07-13T03:14:34,success,820116,demo-v1.1
R002157,O012775,2026-02-10T20:24:55,,failed,2731,demo-v1.1
R002158,O012788,2026-04-01T09:05:24,2026-04-04T07:05:24,success,220948,demo-v1.1
R002159,O012797,2026-08-04T23:58:28,2026-08-06T08:58:28,success,4351,demo-v1.1
R002160,O012804,2026-06-27T02:10:02,2026-06-28T10:10:02,success,540337,demo-v1.1
R002161,O012815,2026-07-29T15:06:56,2026-07-30T17:06:56,success,178482,demo-v1.1
R002162,O012821,2026-05-03T16:13:56,2026-05-04T16:13:56,success,453765,demo-v1.1
R002163,O012824,2026-05-06T00:52:52,2026-05-08T19:52:52,success,1115626,demo-v1.1
R002164,O012842,2026-02-18T05:16:51,2026-02-20T19:16:51,success,3695,demo-v1.1
R002165,O012842,2026-02-20T19:17:51,2026-02-22T01:17:51,success,1485,demo-v1.1
R002166,O012853,2026-04-11T15:49:11,2026-04-13T12:49:11,success,284278,demo-v1.1
R002167,O012859,2026-05-13T09:51:15,2026-05-13T14:51:15,success,112119,demo-v1.1
R002168,O012877,2026-09-18T22:17:10,2026-09-19T04:17:10,success,257117,demo-v1.1
R002169,O012878,2026-07-03T16:29:30,2026-07-06T09:29:30,success,231154,demo-v1.1
R002170,O012878,2026-07-06T09:30:30,2026-07-07T03:30:30,success,94781,demo-v1.1
R002171,O012882,2026-09-06T07:41:00,2026-09-08T19:41:00,success,1330179,demo-v1.1
R002172,O012883,2026-09-07T17:28:56,2026-09-08T23:28:56,success,267275,demo-v1.1
R002173,O012885,2026-04-04T05:58:26,,failed,133795,demo-v1.1
R002174,O012888,2026-08-04T11:09:25,2026-08-07T06:09:25,success,1050732,demo-v1.1
R002175,O012893,2026-05-16T06:37:57,2026-05-17T23:37:57,success,7017,demo-v1.1
R002176,O012895,2026-05-01T18:01:17,2026-05-04T02:01:17,success,44022,demo-v1.1
R002177,O012900,2026-02-07T14:24:58,2026-02-08T04:24:58,success,779235,demo-v1.1
R002178,O012901,2026-04-14T18:52:18,2026-04-15T08:52:18,success,23347,demo-v1.1
R002179,O012904,2026-03-25T15:45:42,2026-03-26T19:45:42,success,155272,demo-v1.1
R002180,O012912,2026-05-01T10:47:02,2026-05-02T02:47:02,success,10604,demo-v1.1
R002181,O012913,2026-03-25T00:52:01,2026-03-27T23:52:01,success,163623,demo-v1.1
R002182,O012914,2026-09-04T21:16:58,2026-09-06T18:16:58,success,634174,demo-v1.1
R002183,O012924,2026-09-30T23:59:59,2026-09-30T23:59:59,success,200202,demo-v1.1
R002184,O012928,2026-08-02T08:59:22,2026-08-02T20:59:22,success,291185,demo-v1.1
R002185,O012929,2026-06-16T07:25:57,2026-06-17T19:25:57,success,47206,demo-v1.1
R002186,O012929,2026-06-17T19:26:57,2026-06-19T06:26:57,success,152614,demo-v1.1
R002187,O012937,2026-02-19T01:57:02,2026-02-21T22:57:02,success,522749,demo-v1.1
R002188,O012938,2026-05-24T17:52:18,,failed,379912,demo-v1.1
R002189,O012947,2026-08-28T03:56:10,2026-08-29T06:56:10,success,1456499,demo-v1.1
R002190,O012948,2026-03-22T22:33:58,2026-03-23T17:33:58,success,856911,demo-v1.1
R002191,O012956,2026-02-20T17:36:56,2026-02-22T03:36:56,success,285347,demo-v1.1
R002192,O012963,2026-02-12T05:31:37,2026-02-15T05:31:37,success,341250,demo-v1.1
R002193,O012967,2026-02-24T00:41:00,2026-02-25T10:41:00,success,1545426,demo-v1.1
R002194,O012970,2026-07-17T13:40:26,2026-07-18T17:40:26,success,256626,demo-v1.1
R002195,O012975,2026-09-21T11:34:21,2026-09-22T04:34:21,success,65472,demo-v1.1
R002196,O012994,2026-08-03T16:14:14,2026-08-04T15:14:14,success,3263,demo-v1.1
R002197,O013002,2026-07-27T04:31:51,2026-07-28T01:31:51,success,15509,demo-v1.1
R002198,O013005,2026-06-23T14:46:28,2026-06-25T02:46:28,success,33223,demo-v1.1
R002199,O013017,2026-09-01T14:43:11,2026-09-01T19:43:11,success,250380,demo-v1.1
R002200,O013027,2026-03-16T04:21:37,2026-03-17T13:21:37,success,1101789,demo-v1.1
R002201,O013035,2026-08-31T03:20:47,2026-09-01T18:20:47,success,116126,demo-v1.1
R002202,O013049,2026-08-02T01:32:35,2026-08-03T04:32:35,success,396133,demo-v1.1
R002203,O013050,2026-02-04T04:23:36,2026-02-06T10:23:36,success,217945,demo-v1.1
R002204,O013050,2026-02-06T10:24:36,2026-02-08T06:24:36,success,465987,demo-v1.1
R002205,O013056,2026-02-08T21:09:10,2026-02-10T00:09:10,success,704821,demo-v1.1
R002206,O013060,2026-08-02T04:08:23,2026-08-03T12:08:23,success,201257,demo-v1.1
R002207,O013062,2026-02-08T06:31:01,2026-02-10T07:31:01,success,782307,demo-v1.1
R002208,O013065,2026-04-24T23:14:52,2026-04-25T20:14:52,success,102667,demo-v1.1
R002209,O013079,2026-04-03T13:16:48,2026-04-05T12:16:48,success,235766,demo-v1.1
R002210,O013092,2026-04-06T21:19:15,2026-04-09T06:19:15,success,1160508,demo-v1.1
R002211,O013105,2026-05-15T02:50:12,2026-05-16T02:50:12,success,551042,demo-v1.1
R002212,O013114,2026-08-01T13:41:46,2026-08-02T20:41:46,success,117799,demo-v1.1
R002213,O013121,2026-03-07T22:55:52,,pending,201115,demo-v1.1
R002214,O013122,2026-08-09T18:05:23,2026-08-11T02:05:23,success,26865,demo-v1.1
R002215,O013123,2026-09-30T23:59:59,,pending,1528067,demo-v1.1
R002216,O013126,2026-03-14T08:16:00,2026-03-16T11:16:00,success,1775378,demo-v1.1
R002217,O013127,2026-01-08T11:10:33,2026-01-10T03:10:33,success,26905,demo-v1.1
R002218,O013137,2026-08-05T12:13:14,2026-08-07T16:13:14,success,650233,demo-v1.1
R002219,O013142,2026-07-30T15:44:40,2026-08-01T20:44:40,success,698107,demo-v1.1
R002220,O013149,2026-04-12T09:11:42,,failed,549177,demo-v1.1
R002221,O013156,2026-06-05T06:46:31,2026-06-06T04:46:31,success,587829,demo-v1.1
R002222,O013160,2026-06-15T10:01:41,2026-06-15T17:01:41,success,11961,demo-v1.1
R002223,O013160,2026-06-15T17:02:41,2026-06-18T07:02:41,success,23723,demo-v1.1
R002224,O013162,2026-03-25T02:09:48,2026-03-27T20:09:48,success,218164,demo-v1.1
R002225,O013162,2026-03-27T20:10:48,2026-03-30T16:10:48,success,29124,demo-v1.1
R002226,O013166,2026-01-29T17:12:21,2026-01-31T18:12:21,success,556485,demo-v1.1
R002227,O013166,2026-01-31T18:13:21,2026-02-01T06:13:21,success,483582,demo-v1.1
R002228,O013188,2026-06-05T05:14:21,,failed,1139196,demo-v1.1
R002229,O013190,2026-08-04T16:37:48,2026-08-06T16:37:48,success,476402,demo-v1.1
R002230,O013193,2026-02-23T18:58:11,2026-02-23T22:58:11,success,205120,demo-v1.1
R002231,O013201,2026-01-11T21:39:37,,failed,157835,demo-v1.1
R002232,O013214,2026-09-07T02:21:55,2026-09-09T07:21:55,success,167692,demo-v1.1
R002233,O013230,2026-09-10T15:24:43,2026-09-11T12:24:43,success,167504,demo-v1.1
R002234,O013232,2026-06-18T07:54:59,2026-06-18T08:54:59,success,578829,demo-v1.1
R002235,O013235,2026-03-25T20:06:12,2026-03-28T17:06:12,success,4187,demo-v1.1
R002236,O013235,2026-03-28T17:07:12,2026-03-30T16:07:12,success,612993,demo-v1.1
R002237,O013236,2026-07-13T15:21:35,2026-07-13T20:21:35,success,350813,demo-v1.1
R002238,O013237,2026-04-19T21:47:42,2026-04-21T03:47:42,success,41162,demo-v1.1
R002239,O013240,2026-09-13T13:20:46,2026-09-13T22:20:46,success,137731,demo-v1.1
R002240,O013241,2026-09-26T11:34:34,2026-09-28T05:34:34,success,18664,demo-v1.1
R002241,O013249,2026-02-24T15:01:03,2026-02-26T13:01:03,success,1189621,demo-v1.1
R002242,O013255,2026-06-15T07:27:52,2026-06-17T04:27:52,success,945237,demo-v1.1
R002243,O013257,2026-07-22T23:47:34,2026-07-24T22:47:34,success,153092,demo-v1.1
R002244,O013258,2026-02-26T23:31:51,2026-03-01T01:31:51,success,982582,demo-v1.1
R002245,O013260,2026-02-13T22:09:16,2026-02-14T22:09:16,success,1562490,demo-v1.1
R002246,O013264,2026-03-19T23:22:24,2026-03-20T10:22:24,success,1087,demo-v1.1
R002247,O013264,2026-03-20T10:23:24,2026-03-22T00:23:24,success,329,demo-v1.1
R002248,O013269,2026-03-17T12:20:57,2026-03-18T08:20:57,success,926264,demo-v1.1
R002249,O013272,2026-06-13T15:42:25,2026-06-14T06:42:25,success,80560,demo-v1.1
R002250,O013274,2026-04-29T07:44:44,2026-05-01T20:44:44,success,101289,demo-v1.1
R002251,O013288,2026-08-11T02:30:37,2026-08-12T14:30:37,success,1305950,demo-v1.1
R002252,O013299,2026-02-21T00:06:45,2026-02-21T23:06:45,success,515819,demo-v1.1
R002253,O013300,2026-07-11T15:36:13,2026-07-14T01:36:13,success,768909,demo-v1.1
R002254,O013303,2026-09-30T23:59:59,2026-09-30T23:59:59,success,1202018,demo-v1.1
R002255,O013305,2026-09-17T23:42:41,,pending,237378,demo-v1.1
R002256,O013315,2026-05-20T10:20:18,2026-05-20T20:20:18,success,451399,demo-v1.1
R002257,O013326,2026-08-17T22:39:08,2026-08-19T02:39:08,success,551500,demo-v1.1
R002258,O013327,2026-05-08T15:27:59,,failed,413887,demo-v1.1
R002259,O013333,2026-04-14T03:13:27,2026-04-16T13:13:27,success,65103,demo-v1.1
R002260,O013336,2026-08-10T08:53:22,2026-08-11T16:53:22,success,604203,demo-v1.1
R002261,O013336,2026-08-11T16:54:22,2026-08-14T07:54:22,success,550632,demo-v1.1
R002262,O013340,2026-04-23T06:17:36,2026-04-25T10:17:36,success,1064068,demo-v1.1
R002263,O013343,2026-09-02T08:15:32,2026-09-05T01:15:32,success,74158,demo-v1.1
R002264,O013345,2026-03-02T14:59:02,2026-03-04T05:59:02,success,228995,demo-v1.1
R002265,O013365,2026-06-24T18:20:47,2026-06-25T00:20:47,success,126705,demo-v1.1
R002266,O013366,2026-02-12T12:26:32,2026-02-14T04:26:32,success,1140,demo-v1.1
R002267,O013366,2026-02-14T04:27:32,2026-02-16T08:27:32,success,1290,demo-v1.1
R002268,O013373,2026-01-24T02:09:00,2026-01-24T05:09:00,success,230021,demo-v1.1
R002269,O013394,2026-09-30T22:23:44,2026-09-30T23:59:59,success,42842,demo-v1.1
R002270,O013398,2026-05-17T14:23:14,2026-05-18T07:23:14,success,1071332,demo-v1.1
R002271,O013401,2026-08-06T15:26:49,2026-08-07T15:26:49,success,1058940,demo-v1.1
R002272,O013405,2026-06-05T01:28:44,2026-06-05T05:28:44,success,11763,demo-v1.1
R002273,O013407,2026-07-01T15:03:37,,failed,557311,demo-v1.1
R002274,O013414,2026-03-06T09:19:47,2026-03-08T10:19:47,success,90444,demo-v1.1
R002275,O013414,2026-03-08T10:20:47,2026-03-08T23:20:47,success,86010,demo-v1.1
R002276,O013416,2026-01-19T11:49:39,2026-01-21T09:49:39,success,523200,demo-v1.1
R002277,O013419,2026-06-08T11:20:24,2026-06-11T08:20:24,success,14263,demo-v1.1
R002278,O013422,2026-04-11T20:27:58,2026-04-14T01:27:58,success,10663,demo-v1.1
R002279,O013431,2026-06-03T17:20:22,2026-06-06T11:20:22,success,409313,demo-v1.1
R002280,O013437,2026-05-28T22:50:37,2026-05-31T13:50:37,success,330491,demo-v1.1
R002281,O013443,2026-07-03T15:18:05,2026-07-06T08:18:05,success,520832,demo-v1.1
R002282,O013446,2026-09-06T22:10:15,2026-09-09T18:10:15,success,430778,demo-v1.1
R002283,O013448,2026-02-19T13:43:00,2026-02-21T00:43:00,success,858904,demo-v1.1
R002284,O013473,2026-01-21T16:47:18,2026-01-22T19:47:18,success,397027,demo-v1.1
R002285,O013473,2026-01-22T19:48:18,2026-01-24T19:48:18,success,235589,demo-v1.1
R002286,O013477,2026-02-07T00:58:33,,pending,848080,demo-v1.1
R002287,O013477,2026-02-08T15:59:33,2026-02-09T16:59:33,success,600215,demo-v1.1
R002288,O013480,2026-02-09T23:10:57,2026-02-11T16:10:57,success,926442,demo-v1.1
R002289,O013482,2026-09-04T04:29:26,2026-09-07T00:29:26,success,398267,demo-v1.1
R002290,O013486,2026-06-19T10:19:51,2026-06-21T07:19:51,success,32813,demo-v1.1
R002291,O013487,2026-08-04T13:48:45,2026-08-05T11:48:45,success,1789308,demo-v1.1
R002292,O013490,2026-06-09T10:33:34,2026-06-10T04:33:34,success,22027,demo-v1.1
R002293,O013490,2026-06-10T04:34:34,2026-06-12T00:34:34,success,20473,demo-v1.1
R002294,O013496,2026-04-10T21:41:02,2026-04-11T17:41:02,success,476083,demo-v1.1
R002295,O013530,2026-09-16T17:50:10,2026-09-19T13:50:10,success,1197160,demo-v1.1
R002296,O013533,2026-04-26T00:36:24,2026-04-27T04:36:24,success,61447,demo-v1.1
R002297,O013550,2026-03-01T01:56:05,2026-03-01T17:56:05,success,573487,demo-v1.1
R002298,O013561,2026-07-07T18:28:05,2026-07-09T10:28:05,success,1436162,demo-v1.1
R002299,O013562,2026-07-17T00:16:50,2026-07-18T23:16:50,success,551386,demo-v1.1
R002300,O013564,2026-09-11T11:03:56,2026-09-12T00:03:56,success,1066566,demo-v1.1
R002301,O013568,2026-03-30T17:21:43,2026-04-02T12:21:43,success,6384,demo-v1.1
R002302,O013569,2026-06-30T00:36:40,,failed,507630,demo-v1.1
R002303,O013570,2026-09-29T04:35:55,,failed,132221,demo-v1.1
R002304,O013571,2026-09-23T18:04:48,2026-09-26T00:04:48,success,176119,demo-v1.1
R002305,O013578,2026-08-28T23:05:36,2026-08-31T23:05:36,success,229717,demo-v1.1
R002306,O013590,2026-09-06T21:34:16,2026-09-08T19:34:16,success,1049817,demo-v1.1
R002307,O013595,2026-09-15T05:22:29,2026-09-18T02:22:29,success,541187,demo-v1.1
R002308,O013599,2026-05-18T12:39:22,2026-05-18T17:39:22,success,607117,demo-v1.1
R002309,O013601,2026-07-26T10:44:12,2026-07-26T12:44:12,success,294173,demo-v1.1
R002310,O013601,2026-07-26T12:45:12,2026-07-27T18:45:12,success,94416,demo-v1.1
R002311,O013603,2026-02-10T13:46:35,2026-02-12T10:46:35,success,152694,demo-v1.1
R002312,O013605,2026-06-13T04:20:29,,failed,53327,demo-v1.1
R002313,O013608,2026-09-24T02:57:47,2026-09-24T08:57:47,success,435697,demo-v1.1
R002314,O013617,2026-04-23T18:58:48,2026-04-24T04:58:48,success,265393,demo-v1.1
R002315,O013623,2026-09-22T02:37:55,2026-09-24T15:37:55,success,113218,demo-v1.1
R002316,O013623,2026-09-24T15:38:55,2026-09-26T10:38:55,success,170777,demo-v1.1
R002317,O013626,2026-01-20T07:22:22,2026-01-21T19:22:22,success,959160,demo-v1.1
R002318,O013628,2026-05-29T09:39:35,2026-05-31T09:39:35,success,460776,demo-v1.1
R002319,O013630,2026-06-06T03:20:43,2026-06-07T22:20:43,success,322587,demo-v1.1
R002320,O013634,2026-02-15T11:01:15,2026-02-17T02:01:15,success,362458,demo-v1.1
R002321,O013639,2026-03-04T17:46:37,2026-03-05T22:46:37,success,21889,demo-v1.1
R002322,O013647,2026-07-26T12:17:00,,pending,861993,demo-v1.1
R002323,O013648,2026-07-19T00:36:53,2026-07-21T21:36:53,success,618290,demo-v1.1
R002324,O013661,2026-03-28T04:13:26,2026-03-30T02:13:26,success,192384,demo-v1.1
R002325,O013661,2026-03-30T02:14:26,2026-04-01T11:14:26,success,95736,demo-v1.1
R002326,O013668,2026-09-29T14:01:22,2026-09-30T23:59:59,success,100848,demo-v1.1
R002327,O013672,2026-04-21T14:30:01,2026-04-23T13:30:01,success,328626,demo-v1.1
R002328,O013672,2026-04-23T13:31:01,2026-04-26T07:31:01,success,26334,demo-v1.1
R002329,O013679,2026-07-23T21:48:15,2026-07-26T09:48:15,success,102713,demo-v1.1
R002330,O013684,2026-08-05T02:12:05,2026-08-07T00:12:05,success,1162134,demo-v1.1
R002331,O013693,2026-04-06T13:52:43,2026-04-07T12:52:43,success,38303,demo-v1.1
R002332,O013697,2026-02-01T12:28:41,2026-02-04T09:28:41,success,928882,demo-v1.1
R002333,O013701,2026-08-27T04:11:16,2026-08-29T01:11:16,success,9279,demo-v1.1
R002334,O013702,2026-01-30T04:52:48,2026-02-01T03:52:48,success,92310,demo-v1.1
R002335,O013711,2026-07-11T08:03:36,2026-07-12T17:03:36,success,903349,demo-v1.1
R002336,O013713,2026-06-15T01:11:46,2026-06-15T03:11:46,success,632274,demo-v1.1
R002337,O013719,2026-07-20T14:46:12,2026-07-21T08:46:12,success,705539,demo-v1.1
R002338,O013723,2026-08-25T10:40:41,2026-08-25T20:40:41,success,1367633,demo-v1.1
R002339,O013725,2026-03-10T12:20:27,2026-03-10T13:20:27,success,194246,demo-v1.1
R002340,O013725,2026-03-10T13:21:27,2026-03-13T12:21:27,success,395049,demo-v1.1
R002341,O013728,2026-08-08T11:02:05,2026-08-08T19:02:05,success,2911,demo-v1.1
R002342,O013732,2026-06-25T04:56:29,2026-06-27T14:56:29,success,688286,demo-v1.1
R002343,O013739,2026-09-30T23:59:59,2026-09-30T23:59:59,success,197988,demo-v1.1
R002344,O013742,2026-08-11T18:56:29,2026-08-14T14:56:29,success,326056,demo-v1.1
R002345,O013757,2026-09-30T23:59:59,2026-09-30T23:59:59,success,85610,demo-v1.1
R002346,O013760,2026-09-24T08:23:07,2026-09-26T00:23:07,success,159106,demo-v1.1
R002347,O013763,2026-07-16T16:32:28,2026-07-18T02:32:28,success,772447,demo-v1.1
R002348,O013764,2026-09-18T10:25:42,2026-09-21T07:25:42,success,86260,demo-v1.1
R002349,O013765,2026-09-28T15:27:56,2026-09-29T18:27:56,success,648291,demo-v1.1
R002350,O013765,2026-09-29T18:28:56,,pending,478393,demo-v1.1
R002351,O013769,2026-02-15T21:28:31,2026-02-17T07:28:31,success,1313684,demo-v1.1
R002352,O013770,2026-05-06T09:36:08,2026-05-06T12:36:08,success,88306,demo-v1.1
R002353,O013773,2026-06-19T05:29:51,2026-06-21T06:29:51,success,482107,demo-v1.1
R002354,O013776,2026-07-08T08:08:02,2026-07-10T19:08:02,success,382191,demo-v1.1
R002355,O013791,2026-03-08T01:45:04,2026-03-08T08:45:04,success,135454,demo-v1.1
R002356,O013796,2026-04-23T16:18:29,2026-04-25T22:18:29,success,28899,demo-v1.1
R002357,O013817,2026-04-14T23:36:26,2026-04-15T07:36:26,success,71231,demo-v1.1
R002358,O013818,2026-03-17T16:27:03,2026-03-18T04:27:03,success,217430,demo-v1.1
R002359,O013825,2026-02-20T19:25:24,2026-02-21T08:25:24,success,797602,demo-v1.1
R002360,O013844,2026-03-04T03:24:08,2026-03-04T13:24:08,success,343659,demo-v1.1
R002361,O013848,2026-09-09T05:57:16,,failed,53551,demo-v1.1
R002362,O013848,2026-09-11T10:58:16,2026-09-14T01:58:16,success,88647,demo-v1.1
R002363,O013854,2026-08-30T10:01:24,2026-08-31T06:01:24,success,33930,demo-v1.1
R002364,O013854,2026-08-31T06:02:24,2026-09-01T14:02:24,success,806865,demo-v1.1
R002365,O013855,2026-06-09T05:36:47,2026-06-10T20:36:47,success,241653,demo-v1.1
R002366,O013857,2026-09-30T23:59:59,2026-09-30T23:59:59,success,240552,demo-v1.1
R002367,O013859,2026-01-16T02:55:05,2026-01-18T07:55:05,success,1481846,demo-v1.1
R002368,O013865,2026-04-15T02:30:56,2026-04-15T15:30:56,success,308597,demo-v1.1
R002369,O013869,2026-07-02T17:42:50,2026-07-04T16:42:50,success,248782,demo-v1.1
R002370,O013869,2026-07-04T16:43:50,2026-07-06T12:43:50,success,4612,demo-v1.1
R002371,O013876,2026-01-31T23:30:46,2026-02-01T17:30:46,success,109811,demo-v1.1
R002372,O013883,2026-05-26T17:45:16,2026-05-29T12:45:16,success,1093875,demo-v1.1
R002373,O013891,2026-07-07T13:17:02,2026-07-10T00:17:02,success,362947,demo-v1.1
R002374,O013897,2026-08-17T16:04:59,2026-08-19T01:04:59,success,882080,demo-v1.1
R002375,O013899,2026-09-21T14:36:17,2026-09-23T12:36:17,success,893425,demo-v1.1
R002376,O013903,2026-09-13T04:51:57,2026-09-15T22:51:57,success,99603,demo-v1.1
R002377,O013905,2026-05-13T08:18:02,,pending,934870,demo-v1.1
R002378,O013911,2026-02-14T21:24:13,2026-02-14T23:24:13,success,1199841,demo-v1.1
R002379,O013913,2026-06-19T05:25:58,2026-06-21T20:25:58,success,321667,demo-v1.1
R002380,O013921,2026-03-06T16:04:46,2026-03-09T06:04:46,success,63190,demo-v1.1
R002381,O013931,2026-09-30T23:59:59,,failed,201849,demo-v1.1
R002382,O013933,2026-02-21T22:17:57,2026-02-22T07:17:57,success,432764,demo-v1.1
R002383,O013937,2026-09-20T20:52:37,2026-09-22T10:52:37,success,368113,demo-v1.1
R002384,O013945,2026-04-30T11:15:14,2026-05-03T11:15:14,success,239107,demo-v1.1
R002385,O013947,2026-08-19T16:17:22,2026-08-20T04:17:22,success,235307,demo-v1.1
R002386,O013960,2026-06-20T07:10:56,2026-06-22T18:10:56,success,161726,demo-v1.1
R002387,O013961,2026-07-21T09:41:41,2026-07-21T17:41:41,success,334368,demo-v1.1
R002388,O013964,2026-09-30T23:59:59,2026-09-30T23:59:59,success,494424,demo-v1.1
R002389,O013971,2026-03-22T22:16:44,2026-03-23T20:16:44,success,838810,demo-v1.1
R002390,O013985,2026-02-09T03:23:34,2026-02-11T00:23:34,success,1522732,demo-v1.1
R002391,O013991,2026-03-01T18:52:11,2026-03-03T04:52:11,success,218402,demo-v1.1
R002392,O013991,2026-03-03T04:53:11,2026-03-04T04:53:11,success,266301,demo-v1.1
R002393,O013993,2026-07-12T21:35:49,2026-07-13T06:35:49,success,671250,demo-v1.1
R002394,O013997,2026-01-08T07:51:15,2026-01-09T01:51:15,success,622231,demo-v1.1
R002395,O014002,2026-09-07T00:50:33,2026-09-08T15:50:33,success,88045,demo-v1.1
R002396,O014016,2026-09-30T23:59:59,2026-09-30T23:59:59,success,285440,demo-v1.1
R002397,O014038,2026-02-11T15:43:01,2026-02-14T00:43:01,success,176843,demo-v1.1
R002398,O014039,2026-01-12T20:10:59,2026-01-13T04:10:59,success,1378892,demo-v1.1
R002399,O014042,2026-03-14T11:38:06,2026-03-14T12:38:06,success,478884,demo-v1.1
R002400,O014042,2026-03-14T12:39:06,2026-03-17T10:39:06,success,26267,demo-v1.1
R002401,O014043,2026-07-10T03:31:46,2026-07-10T06:31:46,success,43636,demo-v1.1
R002402,O014050,2026-04-30T19:20:08,2026-05-01T17:20:08,success,5640,demo-v1.1
R002403,O014054,2026-03-26T07:57:48,,failed,203456,demo-v1.1
R002404,O014057,2026-09-16T09:28:18,2026-09-18T20:28:18,success,297485,demo-v1.1
R002405,O014077,2026-09-30T23:59:59,,failed,155212,demo-v1.1
R002406,O014084,2026-03-09T00:03:09,2026-03-10T05:03:09,success,1534772,demo-v1.1
R002407,O014096,2026-03-16T17:01:58,2026-03-18T17:01:58,success,521000,demo-v1.1
R002408,O014098,2026-01-20T09:47:11,2026-01-20T13:47:11,success,58854,demo-v1.1
R002409,O014102,2026-09-30T23:59:59,2026-09-30T23:59:59,success,105,demo-v1.1
R002410,O014103,2026-04-03T03:54:08,2026-04-04T00:54:08,success,90820,demo-v1.1
R002411,O014105,2026-04-21T14:41:28,2026-04-24T01:41:28,success,66920,demo-v1.1
R002412,O014105,2026-04-24T01:42:28,2026-04-26T15:42:28,success,664716,demo-v1.1
R002413,O014107,2026-01-22T16:05:18,2026-01-24T07:05:18,success,273550,demo-v1.1
R002414,O014112,2026-03-19T22:17:03,2026-03-20T01:17:03,success,1439989,demo-v1.1
R002415,O014113,2026-02-14T09:39:07,2026-02-14T17:39:07,success,353327,demo-v1.1
R002416,O014130,2026-04-22T21:54:06,2026-04-24T15:54:06,success,664411,demo-v1.1
R002417,O014133,2026-04-18T01:15:20,2026-04-20T12:15:20,success,315448,demo-v1.1
R002418,O014137,2026-01-28T10:17:45,2026-01-29T15:17:45,success,73251,demo-v1.1
R002419,O014150,2026-01-19T18:02:19,2026-01-22T14:02:19,success,307141,demo-v1.1
R002420,O014152,2026-09-20T19:36:41,2026-09-23T11:36:41,success,625037,demo-v1.1
R002421,O014157,2026-06-05T07:57:26,2026-06-05T19:57:26,success,24195,demo-v1.1
R002422,O014157,2026-06-05T19:58:26,,pending,18600,demo-v1.1
R002423,O014163,2026-07-07T06:18:01,2026-07-08T11:18:01,success,1558126,demo-v1.1
R002424,O014169,2026-07-26T16:57:34,2026-07-27T20:57:34,success,788100,demo-v1.1
R002425,O014174,2026-09-09T12:07:21,2026-09-10T23:07:21,success,647863,demo-v1.1
R002426,O014179,2026-04-11T11:42:57,2026-04-14T06:42:57,success,319237,demo-v1.1
R002427,O014187,2026-04-10T20:57:57,2026-04-11T05:57:57,success,783690,demo-v1.1
R002428,O014187,2026-04-11T05:58:57,2026-04-13T09:58:57,success,175582,demo-v1.1
R002429,O014191,2026-04-04T21:28:00,,pending,120799,demo-v1.1
R002430,O014194,2026-07-18T22:18:38,2026-07-20T04:18:38,success,59816,demo-v1.1
R002431,O014196,2026-09-30T23:59:59,2026-09-30T23:59:59,success,190170,demo-v1.1
R002432,O014200,2026-09-30T23:59:59,2026-09-30T23:59:59,success,395742,demo-v1.1
R002433,O014203,2026-04-15T00:57:14,2026-04-17T12:57:14,success,498593,demo-v1.1
R002434,O014206,2026-01-25T18:10:01,2026-01-27T08:10:01,success,159744,demo-v1.1
R002435,O014216,2026-05-11T08:42:29,,failed,765892,demo-v1.1
R002436,O014216,2026-05-11T15:43:29,2026-05-12T07:43:29,success,127163,demo-v1.1
R002437,O014223,2026-03-07T17:58:37,2026-03-08T20:58:37,success,207125,demo-v1.1
R002438,O014228,2026-01-09T01:38:48,2026-01-09T18:38:48,success,97419,demo-v1.1
R002439,O014234,2026-05-10T15:31:53,2026-05-11T06:31:53,success,1037948,demo-v1.1
R002440,O014236,2026-02-28T05:09:28,2026-03-02T22:09:28,success,207625,demo-v1.1
R002441,O014238,2026-07-27T02:27:58,2026-07-27T13:27:58,success,125583,demo-v1.1
R002442,O014241,2026-03-28T05:46:41,2026-03-29T00:46:41,success,27817,demo-v1.1
R002443,O014245,2026-09-30T23:59:59,2026-09-30T23:59:59,success,37090,demo-v1.1
R002444,O014251,2026-03-23T22:36:08,2026-03-26T11:36:08,success,634131,demo-v1.1
R002445,O014252,2026-05-26T19:59:12,2026-05-27T18:59:12,success,73610,demo-v1.1
R002446,O014279,2026-01-22T00:32:33,2026-01-22T23:32:33,success,301785,demo-v1.1
R002447,O014305,2026-04-18T17:21:29,2026-04-21T01:21:29,success,118967,demo-v1.1
R002448,O014305,2026-04-21T01:22:29,2026-04-21T21:22:29,success,18036,demo-v1.1
R002449,O014315,2026-09-30T23:59:59,2026-09-30T23:59:59,success,266173,demo-v1.1
R002450,O014318,2026-02-08T06:15:07,2026-02-09T05:15:07,success,1206909,demo-v1.1
R002451,O014328,2026-02-17T04:55:08,,pending,357105,demo-v1.1
R002452,O014331,2026-07-03T00:35:33,2026-07-04T12:35:33,success,241962,demo-v1.1
R002453,O014349,2026-08-23T21:08:41,2026-08-25T11:08:41,success,71552,demo-v1.1
R002454,O014349,2026-08-25T11:09:41,2026-08-28T00:09:41,success,9997,demo-v1.1
R002455,O014350,2026-08-04T00:02:27,2026-08-05T06:02:27,success,559048,demo-v1.1
R002456,O014350,2026-08-05T06:03:27,2026-08-07T04:03:27,success,257180,demo-v1.1
R002457,O014351,2026-03-13T19:32:18,2026-03-15T19:32:18,success,1147639,demo-v1.1
R002458,O014354,2026-07-10T00:26:32,2026-07-10T18:26:32,success,108279,demo-v1.1
R002459,O014367,2026-03-04T08:28:51,2026-03-06T21:28:51,success,340974,demo-v1.1
R002460,O014368,2026-08-11T05:15:40,2026-08-11T19:15:40,success,483482,demo-v1.1
R002461,O014370,2026-04-25T22:47:02,2026-04-28T18:47:02,success,147684,demo-v1.1
R002462,O014378,2026-08-25T02:23:04,2026-08-26T02:23:04,success,1221642,demo-v1.1
R002463,O014385,2026-06-18T08:29:09,2026-06-20T04:29:09,success,385874,demo-v1.1
R002464,O014397,2026-03-03T12:12:11,2026-03-05T11:12:11,success,693908,demo-v1.1
R002465,O014402,2026-06-16T19:10:13,2026-06-19T09:10:13,success,1807677,demo-v1.1
R002466,O014403,2026-07-10T12:47:48,2026-07-12T18:47:48,success,137337,demo-v1.1
R002467,O014403,2026-07-12T18:48:48,2026-07-14T18:48:48,success,31587,demo-v1.1
R002468,O014411,2026-08-24T12:51:10,2026-08-25T14:51:10,success,546816,demo-v1.1
R002469,O014420,2026-05-13T13:10:27,2026-05-15T09:10:27,success,925652,demo-v1.1
R002470,O014422,2026-03-05T12:17:45,2026-03-07T00:17:45,success,49089,demo-v1.1
R002471,O014427,2026-08-19T17:12:51,2026-08-20T05:12:51,success,7811,demo-v1.1
R002472,O014429,2026-05-09T05:29:53,2026-05-12T04:29:53,success,573536,demo-v1.1
R002473,O014447,2026-05-28T07:01:41,2026-05-30T05:01:41,success,288947,demo-v1.1
R002474,O014449,2026-03-23T01:11:45,2026-03-23T05:11:45,success,320157,demo-v1.1
R002475,O014451,2026-01-15T16:51:59,2026-01-16T12:51:59,success,63594,demo-v1.1
R002476,O014456,2026-05-25T06:22:51,,failed,260813,demo-v1.1
R002477,O014457,2026-07-16T19:29:32,2026-07-17T05:29:32,success,404633,demo-v1.1
R002478,O014460,2026-01-27T22:50:24,2026-01-28T00:50:24,success,34746,demo-v1.1
R002479,O014464,2026-09-20T01:31:58,,pending,591562,demo-v1.1
R002480,O014482,2026-04-01T03:04:29,2026-04-02T09:04:29,success,164411,demo-v1.1
R002481,O014489,2026-03-09T19:15:28,2026-03-10T16:15:28,success,218872,demo-v1.1
R002482,O014490,2026-08-19T00:25:20,2026-08-21T20:25:20,success,81634,demo-v1.1
R002483,O014494,2026-07-26T01:42:49,2026-07-26T10:42:49,success,22703,demo-v1.1
R002484,O014494,2026-07-26T10:43:49,2026-07-27T10:43:49,success,92748,demo-v1.1
R002485,O014503,2026-02-18T20:31:02,,failed,531841,demo-v1.1
R002486,O014510,2026-07-08T03:52:01,2026-07-11T01:52:01,success,529395,demo-v1.1
R002487,O014512,2026-06-21T03:25:33,,pending,732075,demo-v1.1
R002488,O014535,2026-09-30T23:59:59,2026-09-30T23:59:59,success,1010368,demo-v1.1
R002489,O014538,2026-03-28T20:19:48,2026-03-31T20:19:48,success,549452,demo-v1.1
R002490,O014547,2026-08-22T07:10:45,2026-08-23T03:10:45,success,1552,demo-v1.1
R002491,O014547,2026-08-23T03:11:45,,failed,2487,demo-v1.1
R002492,O014550,2026-09-30T23:59:59,2026-09-30T23:59:59,success,1240800,demo-v1.1
R002493,O014557,2026-07-23T04:31:48,2026-07-24T04:31:48,success,997760,demo-v1.1
R002494,O014564,2026-05-20T14:19:42,2026-05-23T01:19:42,success,870830,demo-v1.1
R002495,O014575,2026-08-30T00:50:30,2026-08-31T06:50:30,success,347188,demo-v1.1
R002496,O014580,2026-05-20T16:42:40,2026-05-21T22:42:40,success,1184453,demo-v1.1
R002497,O014582,2026-07-21T03:02:43,2026-07-22T15:02:43,success,206819,demo-v1.1
R002498,O014582,2026-07-22T15:03:43,2026-07-24T08:03:43,success,69370,demo-v1.1
R002499,O014585,2026-03-07T23:14:38,,failed,471489,demo-v1.1
R002500,O014586,2026-02-16T01:36:58,2026-02-17T11:36:58,success,101190,demo-v1.1
R002501,O014587,2026-02-24T21:26:55,2026-02-27T20:26:55,success,1029711,demo-v1.1
R002502,O014592,2026-09-30T23:59:59,2026-09-30T23:59:59,success,399836,demo-v1.1
R002503,O014596,2026-06-26T19:40:27,2026-06-27T15:40:27,success,1576569,demo-v1.1
R002504,O014602,2026-01-25T20:26:30,2026-01-26T02:26:30,success,1109106,demo-v1.1
R002505,O014604,2026-06-26T05:00:54,2026-06-26T06:00:54,success,1230584,demo-v1.1
R002506,O014610,2026-01-22T02:26:50,,failed,557999,demo-v1.1
R002507,O014610,2026-01-23T17:27:50,2026-01-26T16:27:50,success,307306,demo-v1.1
R002508,O014621,2026-06-10T02:40:07,2026-06-12T08:40:07,success,561860,demo-v1.1
R002509,O014625,2026-04-29T16:42:41,2026-05-02T15:42:41,success,453638,demo-v1.1
R002510,O014629,2026-07-12T03:11:25,2026-07-15T03:11:25,success,143291,demo-v1.1
R002511,O014629,2026-07-15T03:12:25,2026-07-17T13:12:25,success,223439,demo-v1.1
R002512,O014634,2026-07-14T17:05:35,2026-07-15T01:05:35,success,578637,demo-v1.1
R002513,O014635,2026-06-14T09:21:32,2026-06-14T11:21:32,success,580159,demo-v1.1
R002514,O014637,2026-02-26T13:39:42,2026-02-28T00:39:42,success,346466,demo-v1.1
R002515,O014642,2026-04-10T02:23:40,,failed,452098,demo-v1.1
R002516,O014651,2026-03-03T07:47:58,2026-03-04T02:47:58,success,307412,demo-v1.1
R002517,O014664,2026-07-09T12:01:52,2026-07-12T09:01:52,success,301895,demo-v1.1
R002518,O014675,2026-09-30T23:59:59,2026-09-30T23:59:59,success,1496214,demo-v1.1
R002519,O014678,2026-09-07T06:21:13,,failed,1691853,demo-v1.1
R002520,O014680,2026-04-24T13:36:23,2026-04-26T22:36:23,success,96432,demo-v1.1
R002521,O014680,2026-04-26T22:37:23,2026-04-29T21:37:23,success,263271,demo-v1.1
R002522,O014696,2026-09-30T23:59:59,2026-09-30T23:59:59,success,142457,demo-v1.1
R002523,O014699,2026-07-04T11:07:15,2026-07-07T04:07:15,success,646136,demo-v1.1
R002524,O014699,2026-07-07T04:08:15,,pending,187938,demo-v1.1
R002525,O014700,2026-08-10T19:44:51,2026-08-11T13:44:51,success,144057,demo-v1.1
R002526,O014703,2026-07-13T08:28:49,2026-07-14T13:28:49,success,322163,demo-v1.1
R002527,O014713,2026-09-30T23:59:59,2026-09-30T23:59:59,success,218385,demo-v1.1
R002528,O014714,2026-06-11T17:40:19,2026-06-13T07:40:19,success,166703,demo-v1.1
R002529,O014715,2026-07-19T08:56:54,2026-07-20T02:56:54,success,24166,demo-v1.1
R002530,O014715,2026-07-20T02:57:54,2026-07-21T08:57:54,success,693118,demo-v1.1
R002531,O014716,2026-01-27T05:23:49,2026-01-29T06:23:49,success,195883,demo-v1.1
R002532,O014733,2026-08-18T04:46:36,2026-08-19T19:46:36,success,194671,demo-v1.1
R002533,O014734,2026-07-31T20:19:52,2026-08-01T04:19:52,success,689016,demo-v1.1
R002534,O014736,2026-02-05T00:28:50,2026-02-07T05:28:50,success,192602,demo-v1.1
R002535,O014740,2026-02-14T15:51:38,2026-02-17T00:51:38,success,262400,demo-v1.1
R002536,O014753,2026-02-19T14:23:40,2026-02-21T15:23:40,success,416378,demo-v1.1
R002537,O014754,2026-05-04T23:01:47,,failed,577577,demo-v1.1
R002538,O014759,2026-05-27T03:27:34,2026-05-29T00:27:34,success,110296,demo-v1.1
R002539,O014759,2026-05-29T00:28:34,2026-05-29T14:28:34,success,1310355,demo-v1.1
R002540,O014765,2026-06-07T05:08:36,2026-06-07T23:08:36,success,770966,demo-v1.1
R002541,O014767,2026-05-29T04:42:10,2026-05-30T07:42:10,success,80066,demo-v1.1
R002542,O014776,2026-09-29T07:26:39,,pending,2052,demo-v1.1
R002543,O014777,2026-07-09T07:04:15,2026-07-09T13:04:15,success,264584,demo-v1.1
R002544,O014784,2026-03-18T12:13:58,2026-03-18T13:13:58,success,191723,demo-v1.1
R002545,O014792,2026-08-06T00:37:28,2026-08-07T08:37:28,success,623513,demo-v1.1
R002546,O014795,2026-08-01T22:22:46,2026-08-02T02:22:46,success,474749,demo-v1.1
R002547,O014797,2026-02-23T06:48:45,2026-02-23T12:48:45,success,3379,demo-v1.1
R002548,O014797,2026-02-23T12:49:45,2026-02-23T20:49:45,success,795032,demo-v1.1
R002549,O014798,2026-08-27T04:33:07,2026-08-29T11:33:07,success,116601,demo-v1.1
R002550,O014808,2026-09-30T23:59:59,2026-09-30T23:59:59,success,394844,demo-v1.1
R002551,O014809,2026-09-18T07:57:52,,failed,143548,demo-v1.1
R002552,O014810,2026-01-08T13:53:17,2026-01-09T19:53:17,success,43244,demo-v1.1
R002553,O014812,2026-01-20T20:11:00,2026-01-21T00:11:00,success,10412,demo-v1.1
R002554,O014812,2026-01-21T00:12:00,2026-01-21T02:12:00,success,23399,demo-v1.1
R002555,O014813,2026-02-25T07:22:34,2026-02-26T06:22:34,success,1181894,demo-v1.1
R002556,O014824,2026-04-25T03:46:15,2026-04-27T14:46:15,success,805039,demo-v1.1
R002557,O014830,2026-02-27T17:07:29,,failed,937566,demo-v1.1
R002558,O014832,2026-05-02T13:31:33,2026-05-03T15:31:33,success,497065,demo-v1.1
R002559,O014842,2026-08-08T17:23:30,2026-08-09T16:23:30,success,321969,demo-v1.1
R002560,O014846,2026-02-12T19:54:40,2026-02-13T18:54:40,success,1126349,demo-v1.1
R002561,O014854,2026-09-29T05:07:37,2026-09-29T17:07:37,success,1096936,demo-v1.1
R002562,O014857,2026-02-14T02:18:38,,pending,862022,demo-v1.1
R002563,O014864,2026-03-01T09:07:23,2026-03-02T20:07:23,success,1588500,demo-v1.1
R002564,O014874,2026-05-02T19:24:52,2026-05-04T02:24:52,success,510497,demo-v1.1
R002565,O014880,2026-04-21T18:12:32,2026-04-24T08:12:32,success,631972,demo-v1.1
R002566,O014880,2026-04-24T08:13:32,,failed,599973,demo-v1.1
R002567,O014884,2026-02-12T21:10:47,2026-02-14T07:10:47,success,588907,demo-v1.1
R002568,O014890,2026-02-07T18:20:30,2026-02-10T00:20:30,success,72618,demo-v1.1
R002569,O014891,2026-05-05T02:07:57,2026-05-05T13:07:57,success,188226,demo-v1.1
R002570,O014893,2026-04-26T02:22:58,2026-04-28T23:22:58,success,196125,demo-v1.1
R002571,O014897,2026-05-05T16:40:16,2026-05-06T18:40:16,success,6164,demo-v1.1
R002572,O014899,2026-06-25T12:42:15,2026-06-26T17:42:15,success,30115,demo-v1.1
R002573,O014899,2026-06-26T17:43:15,2026-06-27T16:43:15,success,279382,demo-v1.1
R002574,O014900,2026-05-30T13:02:40,2026-05-31T08:02:40,success,107231,demo-v1.1
R002575,O014913,2026-05-24T06:16:26,2026-05-26T00:16:26,success,1564070,demo-v1.1
R002576,O014916,2026-01-22T23:43:47,2026-01-23T18:43:47,success,1021651,demo-v1.1
R002577,O014925,2026-05-07T06:26:35,2026-05-07T21:26:35,success,639661,demo-v1.1
R002578,O014932,2026-07-09T16:08:14,2026-07-12T01:08:14,success,171360,demo-v1.1
R002579,O014936,2026-01-31T08:47:18,2026-02-01T07:47:18,success,340476,demo-v1.1
R002580,O014954,2026-09-23T10:17:05,2026-09-25T18:17:05,success,443973,demo-v1.1
R002581,O014957,2026-07-14T02:57:19,,failed,554561,demo-v1.1
R002582,O014961,2026-09-30T20:20:25,2026-09-30T23:59:59,success,74171,demo-v1.1
R002583,O014963,2026-07-26T08:38:25,,pending,1090364,demo-v1.1
R002584,O014968,2026-05-08T02:55:03,,failed,342128,demo-v1.1
R002585,O014977,2026-05-11T20:31:12,,pending,114541,demo-v1.1
R002586,O014979,2026-03-01T19:13:59,2026-03-03T00:13:59,success,3050,demo-v1.1
R002587,O014983,2026-02-23T16:47:45,2026-02-25T05:47:45,success,33864,demo-v1.1
R002588,O015004,2026-03-30T08:27:55,2026-03-30T17:27:55,success,233053,demo-v1.1
R002589,O015012,2026-09-07T11:09:58,2026-09-10T03:09:58,success,167026,demo-v1.1
R002590,O015017,2026-09-06T17:17:06,2026-09-08T22:17:06,success,154948,demo-v1.1
R002591,O015021,2026-02-21T14:30:46,2026-02-22T07:30:46,success,199394,demo-v1.1
R002592,O015028,2026-07-09T05:59:06,2026-07-11T19:59:06,success,663587,demo-v1.1
R002593,O015028,2026-07-11T20:00:06,2026-07-14T11:00:06,success,258242,demo-v1.1
R002594,O015034,2026-04-11T11:03:58,2026-04-13T07:03:58,success,190103,demo-v1.1
R002595,O015043,2026-06-13T07:26:50,2026-06-14T14:26:50,success,529579,demo-v1.1
R002596,O015045,2026-02-12T11:01:26,2026-02-14T06:01:26,success,256380,demo-v1.1
R002597,O015049,2026-04-16T15:10:29,2026-04-19T06:10:29,success,622289,demo-v1.1
R002598,O015052,2026-01-27T09:50:25,2026-01-28T15:50:25,success,21227,demo-v1.1
R002599,O015052,2026-01-28T15:51:25,,failed,1125889,demo-v1.1
R002600,O015053,2026-07-21T19:22:20,2026-07-23T21:22:20,success,532497,demo-v1.1
R002601,O015062,2026-03-06T20:15:34,2026-03-08T12:15:34,success,875,demo-v1.1
R002602,O015078,2026-03-11T23:42:26,2026-03-12T17:42:26,success,474899,demo-v1.1
R002603,O015079,2026-02-19T00:49:41,2026-02-20T00:49:41,success,213107,demo-v1.1
R002604,O015082,2026-03-04T10:15:37,2026-03-06T16:15:37,success,136890,demo-v1.1
R002605,O015093,2026-05-03T12:28:12,2026-05-04T04:28:12,success,1061647,demo-v1.1
R002606,O015114,2026-04-19T15:20:23,2026-04-21T20:20:23,success,291547,demo-v1.1
R002607,O015114,2026-04-21T20:21:23,2026-04-21T23:21:23,success,150027,demo-v1.1
R002608,O015125,2026-06-29T06:37:11,2026-06-30T06:37:11,success,808676,demo-v1.1
R002609,O015126,2026-05-19T21:17:00,2026-05-20T09:17:00,success,338804,demo-v1.1
R002610,O015134,2026-06-29T20:47:55,2026-07-02T11:47:55,success,602151,demo-v1.1
R002611,O015144,2026-09-03T10:13:40,,failed,426556,demo-v1.1
R002612,O015147,2026-06-09T08:21:55,2026-06-10T16:21:55,success,591145,demo-v1.1
R002613,O015147,2026-06-10T16:22:55,2026-06-10T17:22:55,success,634078,demo-v1.1
R002614,O015148,2026-04-17T16:24:44,2026-04-19T22:24:44,success,312554,demo-v1.1
R002615,O015148,2026-04-19T22:25:44,2026-04-20T06:25:44,success,1181872,demo-v1.1
R002616,O015149,2026-09-30T23:59:59,2026-09-30T23:59:59,success,9898,demo-v1.1
R002617,O015152,2026-07-16T00:46:52,,pending,129359,demo-v1.1
R002618,O015152,2026-07-16T23:47:52,2026-07-19T09:47:52,success,39909,demo-v1.1
R002619,O015158,2026-06-23T01:23:31,,failed,207237,demo-v1.1
R002620,O015159,2026-03-07T10:32:01,2026-03-07T19:32:01,success,14067,demo-v1.1
R002621,O015165,2026-04-01T02:17:11,2026-04-02T08:17:11,success,1445899,demo-v1.1
R002622,O015173,2026-08-14T15:42:19,2026-08-17T00:42:19,success,711262,demo-v1.1
R002623,O015192,2026-08-24T10:11:43,,pending,91383,demo-v1.1
R002624,O015201,2026-06-27T22:49:13,2026-06-28T13:49:13,success,8990,demo-v1.1
R002625,O015207,2026-08-28T17:07:35,2026-08-30T20:07:35,success,49035,demo-v1.1
R002626,O015208,2026-07-15T23:59:09,2026-07-16T01:59:09,success,82171,demo-v1.1
R002627,O015209,2026-02-08T00:46:40,2026-02-08T01:46:40,success,100705,demo-v1.1
R002628,O015215,2026-02-01T22:37:16,2026-02-04T05:37:16,success,243816,demo-v1.1
R002629,O015221,2026-09-18T10:42:11,2026-09-19T06:42:11,success,109532,demo-v1.1
R002630,O015221,2026-09-19T06:43:11,,failed,342275,demo-v1.1
R002631,O015232,2026-09-15T15:33:03,2026-09-16T18:33:03,success,32057,demo-v1.1
R002632,O015252,2026-05-13T11:24:32,2026-05-14T14:24:32,success,181406,demo-v1.1
R002633,O015252,2026-05-14T14:25:32,2026-05-17T13:25:32,success,111145,demo-v1.1
R002634,O015263,2026-09-07T04:24:13,2026-09-08T23:24:13,success,54868,demo-v1.1
R002635,O015267,2026-02-18T12:34:27,2026-02-19T06:34:27,success,78457,demo-v1.1
R002636,O015267,2026-02-19T06:35:27,,pending,93240,demo-v1.1
R002637,O015268,2026-03-09T09:18:32,2026-03-12T01:18:32,success,399743,demo-v1.1
R002638,O015276,2026-07-22T07:34:47,2026-07-23T14:34:47,success,97272,demo-v1.1
R002639,O015291,2026-01-18T09:22:38,2026-01-18T17:22:38,success,1049761,demo-v1.1
R002640,O015293,2026-02-06T19:05:25,2026-02-06T22:05:25,success,315516,demo-v1.1
R002641,O015295,2026-05-14T04:03:10,2026-05-15T15:03:10,success,157318,demo-v1.1
R002642,O015307,2026-02-01T12:11:21,2026-02-04T04:11:21,success,318606,demo-v1.1
R002643,O015311,2026-01-20T15:21:44,2026-01-22T16:21:44,success,727514,demo-v1.1
R002644,O015312,2026-04-19T16:44:46,2026-04-21T17:44:46,success,1132475,demo-v1.1
R002645,O015313,2026-04-06T03:00:48,2026-04-09T02:00:48,success,136062,demo-v1.1
R002646,O015319,2026-08-10T14:23:55,2026-08-10T21:23:55,success,652243,demo-v1.1
R002647,O015320,2026-04-01T13:26:11,2026-04-02T13:26:11,success,923602,demo-v1.1
R002648,O015323,2026-04-26T04:27:05,2026-04-28T13:27:05,success,23740,demo-v1.1
R002649,O015332,2026-05-19T12:59:00,,failed,699045,demo-v1.1
R002650,O015342,2026-01-27T02:55:20,2026-01-30T00:55:20,success,322032,demo-v1.1
R002651,O015358,2026-07-01T10:05:07,,pending,1694648,demo-v1.1
R002652,O015364,2026-01-26T05:52:21,2026-01-28T01:52:21,success,780158,demo-v1.1
R002653,O015378,2026-06-18T01:44:28,2026-06-19T13:44:28,success,346428,demo-v1.1
R002654,O015381,2026-07-10T00:23:56,,failed,795345,demo-v1.1
R002655,O015384,2026-07-10T09:05:05,2026-07-12T06:05:05,success,100022,demo-v1.1
R002656,O015384,2026-07-12T06:06:05,2026-07-14T12:06:05,success,148759,demo-v1.1
R002657,O015394,2026-06-21T12:59:12,,pending,80028,demo-v1.1
R002658,O015396,2026-04-14T21:11:06,2026-04-15T04:11:06,success,9583,demo-v1.1
R002659,O015396,2026-04-15T04:12:06,2026-04-15T15:12:06,success,40650,demo-v1.1
R002660,O015397,2026-08-04T18:42:11,2026-08-04T23:42:11,success,593598,demo-v1.1
R002661,O015423,2026-05-03T02:39:56,2026-05-04T06:39:56,success,1168837,demo-v1.1
R002662,O015427,2026-09-25T20:20:20,2026-09-26T18:20:20,success,376738,demo-v1.1
R002663,O015433,2026-09-12T00:10:07,2026-09-14T03:10:07,success,465638,demo-v1.1
R002664,O015433,2026-09-14T03:11:07,2026-09-16T18:11:07,success,435559,demo-v1.1
R002665,O015448,2026-09-30T23:59:59,2026-09-30T23:59:59,success,120594,demo-v1.1
R002666,O015449,2026-07-03T18:52:30,,failed,1618488,demo-v1.1
R002667,O015460,2026-03-07T12:25:10,2026-03-07T20:25:10,success,921842,demo-v1.1
R002668,O015468,2026-03-11T04:23:53,2026-03-14T04:23:53,success,337420,demo-v1.1
R002669,O015468,2026-03-14T04:24:53,2026-03-14T20:24:53,success,49091,demo-v1.1
R002670,O015482,2026-09-06T00:57:06,2026-09-06T05:57:06,success,126215,demo-v1.1
R002671,O015490,2026-07-21T23:17:30,,pending,1217009,demo-v1.1
R002672,O015497,2026-06-09T11:55:55,2026-06-11T01:55:55,success,359308,demo-v1.1
R002673,O015517,2026-07-20T08:58:52,2026-07-23T03:58:52,success,152594,demo-v1.1
R002674,O015517,2026-07-23T03:59:52,2026-07-23T13:59:52,success,488411,demo-v1.1
R002675,O015529,2026-07-14T14:07:38,2026-07-16T04:07:38,success,9875,demo-v1.1
R002676,O015533,2026-03-13T11:34:53,2026-03-14T02:34:53,success,274014,demo-v1.1
R002677,O015547,2026-07-13T07:00:51,2026-07-14T07:00:51,success,566640,demo-v1.1
R002678,O015551,2026-06-25T08:16:24,2026-06-27T19:16:24,success,66131,demo-v1.1
R002679,O015558,2026-06-18T23:52:03,2026-06-20T15:52:03,success,930,demo-v1.1
R002680,O015561,2026-04-14T12:44:01,2026-04-14T18:44:01,success,30739,demo-v1.1
R002681,O015566,2026-06-02T01:31:39,2026-06-05T00:31:39,success,1588083,demo-v1.1
R002682,O015568,2026-04-01T17:09:12,2026-04-03T18:09:12,success,454583,demo-v1.1
R002683,O015577,2026-02-15T01:23:45,,pending,110103,demo-v1.1
R002684,O015582,2026-05-19T16:19:58,2026-05-22T04:19:58,success,51100,demo-v1.1
R002685,O015585,2026-07-02T14:28:59,2026-07-02T23:28:59,success,80034,demo-v1.1
R002686,O015589,2026-06-08T05:24:58,2026-06-08T19:24:58,success,572768,demo-v1.1
R002687,O015591,2026-09-28T05:18:24,2026-09-30T19:18:24,success,668337,demo-v1.1
R002688,O015600,2026-05-18T22:03:27,2026-05-20T13:03:27,success,401184,demo-v1.1
R002689,O015600,2026-05-20T13:04:27,,pending,164471,demo-v1.1
R002690,O015601,2026-01-22T10:59:38,2026-01-22T19:59:38,success,85271,demo-v1.1
R002691,O015604,2026-07-06T10:39:48,2026-07-07T03:39:48,success,721511,demo-v1.1
R002692,O015608,2026-07-28T13:04:03,,pending,656711,demo-v1.1
R002693,O015623,2026-03-19T15:22:15,2026-03-20T16:22:15,success,196484,demo-v1.1
R002694,O015623,2026-03-20T16:23:15,2026-03-21T17:23:15,success,51258,demo-v1.1
R002695,O015627,2026-04-08T22:40:04,2026-04-11T04:40:04,success,88104,demo-v1.1
R002696,O015629,2026-05-10T02:56:05,2026-05-11T00:56:05,success,45040,demo-v1.1
R002697,O015648,2026-06-20T00:08:05,2026-06-22T15:08:05,success,455998,demo-v1.1
R002698,O015663,2026-07-12T00:13:49,2026-07-14T03:13:49,success,827027,demo-v1.1
R002699,O015668,2026-07-16T17:32:22,,failed,150883,demo-v1.1
R002700,O015670,2026-08-18T18:46:06,2026-08-20T09:46:06,success,27458,demo-v1.1
R002701,O015673,2026-06-16T11:02:06,2026-06-17T14:02:06,success,76641,demo-v1.1
R002702,O015676,2026-05-26T16:59:49,2026-05-27T14:59:49,success,378472,demo-v1.1
R002703,O015681,2026-06-19T09:32:25,2026-06-21T22:32:25,success,118972,demo-v1.1
R002704,O015693,2026-03-01T10:14:40,2026-03-02T02:14:40,success,457679,demo-v1.1
R002705,O015694,2026-03-01T13:28:41,2026-03-01T23:28:41,success,778434,demo-v1.1
R002706,O015695,2026-08-28T19:39:00,,failed,30673,demo-v1.1
R002707,O015699,2026-04-21T05:04:50,2026-04-21T11:04:50,success,1041928,demo-v1.1
R002708,O015700,2026-07-25T09:23:34,,pending,441149,demo-v1.1
R002709,O015715,2026-06-25T08:31:19,2026-06-25T20:31:19,success,23495,demo-v1.1
R002710,O015716,2026-07-08T02:51:23,2026-07-09T03:51:23,success,950189,demo-v1.1
R002711,O015723,2026-05-24T22:42:23,2026-05-27T08:42:23,success,22912,demo-v1.1
R002712,O015724,2026-08-02T22:12:02,2026-08-05T20:12:02,success,668910,demo-v1.1
R002713,O015725,2026-08-15T11:32:34,2026-08-15T19:32:34,success,800883,demo-v1.1
R002714,O015731,2026-06-03T14:48:58,2026-06-04T22:48:58,success,293029,demo-v1.1
R002715,O015764,2026-08-27T12:19:59,,failed,628797,demo-v1.1
R002716,O015765,2026-08-02T08:02:08,2026-08-05T00:02:08,success,363436,demo-v1.1
R002717,O015768,2026-05-17T21:38:08,2026-05-19T14:38:08,success,517886,demo-v1.1
R002718,O015770,2026-06-10T07:51:58,2026-06-12T23:51:58,success,1503923,demo-v1.1
R002719,O015771,2026-04-30T12:46:48,2026-05-03T00:46:48,success,427589,demo-v1.1
R002720,O015789,2026-01-15T15:35:22,2026-01-18T02:35:22,success,319769,demo-v1.1
R002721,O015795,2026-03-12T02:37:44,2026-03-14T16:37:44,success,134111,demo-v1.1
R002722,O015800,2026-09-04T18:11:55,2026-09-04T22:11:55,success,486236,demo-v1.1
R002723,O015803,2026-07-09T13:58:28,2026-07-11T16:58:28,success,690715,demo-v1.1
R002724,O015810,2026-08-17T11:16:14,2026-08-18T06:16:14,success,523014,demo-v1.1
R002725,O015811,2026-04-11T04:05:12,2026-04-12T21:05:12,success,1653535,demo-v1.1
R002726,O015814,2026-09-10T17:53:34,2026-09-12T17:53:34,success,293261,demo-v1.1
R002727,O015824,2026-09-30T23:59:59,2026-09-30T23:59:59,success,28250,demo-v1.1
R002728,O015827,2026-07-18T19:46:50,2026-07-21T14:46:50,success,201513,demo-v1.1
R002729,O015829,2026-01-23T17:23:20,2026-01-24T02:23:20,success,678114,demo-v1.1
R002730,O015833,2026-01-07T02:02:48,2026-01-09T16:02:48,success,69377,demo-v1.1
R002731,O015834,2026-01-12T14:20:35,,failed,134447,demo-v1.1
R002732,O015838,2026-06-03T01:23:54,2026-06-05T04:23:54,success,61539,demo-v1.1
R002733,O015841,2026-02-25T11:25:25,2026-02-27T03:25:25,success,197581,demo-v1.1
R002734,O015843,2026-04-30T03:10:36,2026-05-02T10:10:36,success,1621749,demo-v1.1
R002735,O015852,2026-02-24T01:46:06,2026-02-25T04:46:06,success,348349,demo-v1.1
R002736,O015852,2026-02-25T04:47:06,2026-02-27T12:47:06,success,82571,demo-v1.1
R002737,O015857,2026-01-23T07:53:06,2026-01-25T03:53:06,success,9760,demo-v1.1
R002738,O015858,2026-02-19T07:06:17,2026-02-20T14:06:17,success,1052719,demo-v1.1
R002739,O015866,2026-09-13T23:05:30,2026-09-14T13:05:30,success,1106545,demo-v1.1
R002740,O015871,2026-09-05T02:26:47,2026-09-07T22:26:47,success,520853,demo-v1.1
R002741,O015879,2026-09-05T21:07:47,2026-09-06T18:07:47,success,304374,demo-v1.1
R002742,O015883,2026-03-25T12:25:32,2026-03-26T01:25:32,success,529797,demo-v1.1
R002743,O015888,2026-07-31T04:39:27,2026-07-31T07:39:27,success,672128,demo-v1.1
R002744,O015888,2026-07-31T07:40:27,2026-08-02T15:40:27,success,102512,demo-v1.1
R002745,O015899,2026-05-11T00:38:45,,failed,2676,demo-v1.1
R002746,O015900,2026-01-08T11:51:39,2026-01-09T04:51:39,success,265959,demo-v1.1
R002747,O015909,2026-01-07T04:47:19,2026-01-07T08:47:19,success,2171,demo-v1.1
R002748,O015912,2026-03-27T11:31:29,,pending,38855,demo-v1.1
R002749,O015916,2026-09-09T02:31:26,2026-09-11T19:31:26,success,98848,demo-v1.1
R002750,O015917,2026-03-25T03:03:57,2026-03-26T02:03:57,success,26851,demo-v1.1
R002751,O015921,2026-02-01T00:42:47,,failed,139155,demo-v1.1
R002752,O015925,2026-06-20T12:31:56,,pending,183556,demo-v1.1
R002753,O015928,2026-02-15T15:54:18,2026-02-15T22:54:18,success,1240190,demo-v1.1
R002754,O015933,2026-02-10T16:24:15,,failed,222364,demo-v1.1
R002755,O015945,2026-03-09T21:24:20,2026-03-10T12:24:20,success,146902,demo-v1.1
R002756,O015946,2026-08-29T11:07:03,,pending,404351,demo-v1.1
R002757,O015958,2026-03-07T15:10:03,2026-03-08T06:10:03,success,98237,demo-v1.1
R002758,O015971,2026-03-17T05:53:30,2026-03-20T03:53:30,success,940833,demo-v1.1
R002759,O015977,2026-05-17T18:14:44,2026-05-19T13:14:44,success,34156,demo-v1.1
R002760,O015991,2026-04-08T03:43:13,2026-04-10T22:43:13,success,904172,demo-v1.1
R002761,O016002,2026-03-24T22:07:56,2026-03-26T16:07:56,success,568845,demo-v1.1
R002762,O016012,2026-06-09T18:55:47,2026-06-12T01:55:47,success,496188,demo-v1.1
R002763,O016015,2026-09-30T23:59:59,2026-09-30T23:59:59,success,1309850,demo-v1.1
R002764,O016015,2026-09-30T23:59:59,2026-09-30T23:59:59,success,374841,demo-v1.1
R002765,O016026,2026-04-25T17:45:26,2026-04-28T14:45:26,success,412199,demo-v1.1
R002766,O016032,2026-02-12T16:06:54,2026-02-13T11:06:54,success,53521,demo-v1.1
R002767,O016041,2026-03-19T03:40:10,2026-03-20T07:40:10,success,96166,demo-v1.1
R002768,O016053,2026-03-02T07:24:44,2026-03-02T10:24:44,success,687220,demo-v1.1
R002769,O016057,2026-07-02T03:55:08,2026-07-04T07:55:08,success,53532,demo-v1.1
R002770,O016061,2026-07-01T09:54:17,2026-07-01T18:54:17,success,11185,demo-v1.1
R002771,O016062,2026-06-07T17:46:33,2026-06-09T20:46:33,success,18943,demo-v1.1
R002772,O016062,2026-06-09T20:47:33,2026-06-12T07:47:33,success,1570,demo-v1.1
R002773,O016081,2026-03-11T17:03:11,2026-03-14T07:03:11,success,324924,demo-v1.1
R002774,O016089,2026-08-01T14:25:18,2026-08-02T12:25:18,success,2041,demo-v1.1
R002775,O016092,2026-02-15T13:03:23,2026-02-18T07:03:23,success,326734,demo-v1.1
R002776,O016105,2026-07-10T19:10:54,2026-07-13T19:10:54,success,55410,demo-v1.1
R002777,O016115,2026-08-14T13:12:49,2026-08-15T08:12:49,success,432279,demo-v1.1
R002778,O016119,2026-06-14T18:41:56,,pending,44484,demo-v1.1
R002779,O016122,2026-03-19T21:30:14,2026-03-22T21:30:14,success,389926,demo-v1.1
R002780,O016124,2026-08-23T21:14:51,2026-08-24T01:14:51,success,966890,demo-v1.1
R002781,O016129,2026-06-25T21:30:35,2026-06-27T18:30:35,success,704552,demo-v1.1
R002782,O016130,2026-05-21T23:21:01,,failed,475751,demo-v1.1
R002783,O016136,2026-07-01T20:52:16,2026-07-03T22:52:16,success,78863,demo-v1.1
R002784,O016140,2026-04-14T01:07:36,2026-04-15T08:07:36,success,15045,demo-v1.1
R002785,O016143,2026-08-15T09:48:51,,pending,373703,demo-v1.1
R002786,O016148,2026-03-27T15:41:38,2026-03-30T03:41:38,success,1677,demo-v1.1
R002787,O016148,2026-03-30T03:42:38,,pending,47001,demo-v1.1
R002788,O016153,2026-09-26T11:06:57,2026-09-28T22:06:57,success,649191,demo-v1.1
R002789,O016175,2026-05-05T16:42:31,2026-05-07T18:42:31,success,534042,demo-v1.1
R002790,O016179,2026-03-08T21:40:00,2026-03-10T05:40:00,success,54044,demo-v1.1
R002791,O016180,2026-01-08T09:28:36,2026-01-08T16:28:36,success,1045367,demo-v1.1
R002792,O016183,2026-01-28T17:29:29,2026-01-28T21:29:29,success,241594,demo-v1.1
R002793,O016200,2026-03-16T03:32:42,2026-03-17T06:32:42,success,230312,demo-v1.1
R002794,O016200,2026-03-17T06:33:42,2026-03-19T17:33:42,success,285515,demo-v1.1
R002795,O016201,2026-05-25T13:18:49,2026-05-28T09:18:49,success,248967,demo-v1.1
R002796,O016209,2026-01-28T08:05:51,2026-01-30T11:05:51,success,425551,demo-v1.1
R002797,O016218,2026-08-24T00:06:32,,pending,316991,demo-v1.1
R002798,O016222,2026-01-11T13:40:28,2026-01-14T09:40:28,success,9284,demo-v1.1
R002799,O016230,2026-04-11T19:45:17,,failed,60016,demo-v1.1
R002800,O016246,2026-06-08T22:14:34,2026-06-09T10:14:34,success,988169,demo-v1.1
R002801,O016251,2026-02-01T10:29:21,2026-02-02T12:29:21,success,1109002,demo-v1.1
R002802,O016252,2026-04-20T14:10:16,2026-04-22T20:10:16,success,724454,demo-v1.1
R002803,O016258,2026-01-22T02:53:05,2026-01-23T05:53:05,success,1660438,demo-v1.1
R002804,O016269,2026-07-22T04:44:50,2026-07-22T21:44:50,success,730425,demo-v1.1
R002805,O016270,2026-08-13T08:54:43,2026-08-15T21:54:43,success,100594,demo-v1.1
R002806,O016272,2026-07-03T03:40:52,2026-07-03T12:40:52,success,194148,demo-v1.1
R002807,O016274,2026-02-06T23:29:57,2026-02-09T17:29:57,success,434265,demo-v1.1
R002808,O016284,2026-09-30T23:59:59,2026-09-30T23:59:59,success,587912,demo-v1.1
R002809,O016288,2026-09-16T11:54:21,,pending,566001,demo-v1.1
R002810,O016289,2026-04-22T02:27:12,2026-04-22T05:27:12,success,979224,demo-v1.1
R002811,O016299,2026-09-30T23:59:59,2026-09-30T23:59:59,success,319473,demo-v1.1
R002812,O016314,2026-07-28T20:04:34,2026-07-31T11:04:34,success,294929,demo-v1.1
R002813,O016314,2026-07-31T11:05:34,2026-08-01T13:05:34,success,75575,demo-v1.1
R002814,O016317,2026-09-08T22:29:18,2026-09-09T04:29:18,success,612433,demo-v1.1
R002815,O016317,2026-09-09T04:30:18,2026-09-12T03:30:18,success,147295,demo-v1.1
R002816,O016320,2026-02-03T09:51:10,2026-02-03T21:51:10,success,1171032,demo-v1.1
R002817,O016321,2026-05-12T13:34:04,2026-05-15T09:34:04,success,367385,demo-v1.1
R002818,O016322,2026-09-28T00:33:55,,pending,1451486,demo-v1.1
R002819,O016325,2026-07-02T13:48:59,,failed,331526,demo-v1.1
R002820,O016325,2026-07-03T20:49:59,2026-07-04T17:49:59,success,122233,demo-v1.1
R002821,O016329,2026-01-09T15:45:20,2026-01-12T00:45:20,success,168860,demo-v1.1
R002822,O016332,2026-01-28T22:53:36,2026-01-30T10:53:36,success,35944,demo-v1.1
R002823,O016357,2026-09-30T23:59:59,2026-09-30T23:59:59,success,131979,demo-v1.1
R002824,O016365,2026-07-06T22:07:42,2026-07-07T09:07:42,success,101160,demo-v1.1
R002825,O016372,2026-02-09T13:26:19,2026-02-10T13:26:19,success,140487,demo-v1.1
R002826,O016381,2026-04-25T09:21:00,2026-04-25T23:21:00,success,433575,demo-v1.1
R002827,O016385,2026-04-27T09:23:56,2026-04-28T20:23:56,success,882623,demo-v1.1
R002828,O016387,2026-06-13T19:11:10,2026-06-15T19:11:10,success,639472,demo-v1.1
R002829,O016388,2026-02-04T20:03:49,2026-02-05T16:03:49,success,76817,demo-v1.1
R002830,O016388,2026-02-05T16:04:49,2026-02-08T09:04:49,success,78799,demo-v1.1
R002831,O016390,2026-05-02T06:36:26,2026-05-02T14:36:26,success,214651,demo-v1.1
R002832,O016390,2026-05-02T14:37:26,2026-05-03T23:37:26,success,248411,demo-v1.1
R002833,O016394,2026-07-17T04:30:18,2026-07-19T04:30:18,success,704362,demo-v1.1
R002834,O016394,2026-07-19T04:31:18,2026-07-19T11:31:18,success,51754,demo-v1.1
R002835,O016395,2026-02-08T15:57:55,2026-02-11T10:57:55,success,699020,demo-v1.1
R002836,O016411,2026-07-02T09:53:35,2026-07-03T15:53:35,success,1648393,demo-v1.1
R002837,O016412,2026-07-07T04:16:37,2026-07-09T18:16:37,success,693702,demo-v1.1
R002838,O016416,2026-08-29T06:53:00,2026-08-29T15:53:00,success,556289,demo-v1.1
R002839,O016419,2026-09-18T14:56:28,2026-09-19T23:56:28,success,37561,demo-v1.1
R002840,O016420,2026-02-11T14:49:49,2026-02-12T12:49:49,success,28424,demo-v1.1
R002841,O016427,2026-02-01T10:14:00,2026-02-02T14:14:00,success,898575,demo-v1.1
R002842,O016427,2026-02-02T14:15:00,,pending,442410,demo-v1.1
R002843,O016446,2026-04-09T17:31:47,2026-04-12T10:31:47,success,513975,demo-v1.1
R002844,O016455,2026-04-21T14:15:59,2026-04-22T00:15:59,success,91298,demo-v1.1
R002845,O016463,2026-04-21T07:22:56,2026-04-21T23:22:56,success,47723,demo-v1.1
R002846,O016478,2026-06-26T13:45:18,2026-06-28T15:45:18,success,1329437,demo-v1.1
R002847,O016479,2026-05-11T19:04:16,,pending,1249290,demo-v1.1
R002848,O016491,2026-04-24T15:39:53,2026-04-27T05:39:53,success,660621,demo-v1.1
R002849,O016492,2026-04-03T13:57:14,2026-04-03T18:57:14,success,634092,demo-v1.1
R002850,O016496,2026-01-19T22:38:05,2026-01-22T20:38:05,success,121833,demo-v1.1
R002851,O016496,2026-01-22T20:39:05,2026-01-23T13:39:05,success,402370,demo-v1.1
R002852,O016504,2026-03-02T20:08:31,,pending,355291,demo-v1.1
R002853,O016504,2026-03-05T12:09:31,2026-03-08T09:09:31,success,398172,demo-v1.1
R002854,O016516,2026-03-16T20:01:03,2026-03-19T06:01:03,success,23270,demo-v1.1
R002855,O016516,2026-03-19T06:02:03,2026-03-21T04:02:03,success,3914,demo-v1.1
R002856,O016522,2026-02-27T00:18:22,2026-02-28T04:18:22,success,483652,demo-v1.1
R002857,O016525,2026-02-08T21:08:12,2026-02-09T02:08:12,success,1255305,demo-v1.1
R002858,O016528,2026-03-10T06:21:34,2026-03-10T22:21:34,success,625413,demo-v1.1
R002859,O016529,2026-04-12T09:40:25,2026-04-13T01:40:25,success,48289,demo-v1.1
R002860,O016529,2026-04-13T01:41:25,2026-04-15T22:41:25,success,458687,demo-v1.1
R002861,O016545,2026-05-21T19:24:57,2026-05-24T10:24:57,success,526527,demo-v1.1
R002862,O016550,2026-08-01T12:43:25,2026-08-02T09:43:25,success,605317,demo-v1.1
R002863,O016559,2026-08-02T00:36:02,2026-08-02T07:36:02,success,410818,demo-v1.1
R002864,O016564,2026-06-10T22:36:57,2026-06-11T11:36:57,success,758717,demo-v1.1
R002865,O016569,2026-04-16T02:47:43,,failed,120997,demo-v1.1
R002866,O016569,2026-04-17T15:48:43,2026-04-17T17:48:43,success,63540,demo-v1.1
R002867,O016574,2026-07-20T17:20:48,2026-07-22T07:20:48,success,505915,demo-v1.1
R002868,O016576,2026-09-30T23:59:59,2026-09-30T23:59:59,success,127917,demo-v1.1
R002869,O016576,2026-09-30T23:59:59,2026-09-30T23:59:59,success,46853,demo-v1.1
R002870,O016578,2026-07-27T08:55:37,2026-07-29T14:55:37,success,140703,demo-v1.1
R002871,O016585,2026-04-16T06:21:32,2026-04-17T00:21:32,success,249454,demo-v1.1
R002872,O016589,2026-02-18T09:28:32,2026-02-19T18:28:32,success,191782,demo-v1.1
R002873,O016591,2026-09-13T15:36:49,2026-09-16T11:36:49,success,403223,demo-v1.1
R002874,O016599,2026-06-10T04:42:59,2026-06-11T06:42:59,success,227699,demo-v1.1
R002875,O016615,2026-05-28T13:17:49,2026-05-29T06:17:49,success,367785,demo-v1.1
R002876,O016616,2026-03-30T00:57:16,2026-04-01T13:57:16,success,318863,demo-v1.1
R002877,O016619,2026-07-30T20:12:59,2026-08-01T21:12:59,success,525547,demo-v1.1
R002878,O016633,2026-08-22T18:31:54,2026-08-24T01:31:54,success,44716,demo-v1.1
R002879,O016637,2026-03-11T04:45:12,2026-03-12T05:45:12,success,49138,demo-v1.1
R002880,O016641,2026-08-16T22:13:54,2026-08-18T22:13:54,success,1629415,demo-v1.1
R002881,O016643,2026-06-10T07:58:34,2026-06-13T06:58:34,success,906279,demo-v1.1
R002882,O016644,2026-05-23T06:17:04,2026-05-25T04:17:04,success,256685,demo-v1.1
R002883,O016648,2026-07-25T02:41:15,2026-07-26T07:41:15,success,84746,demo-v1.1
R002884,O016649,2026-09-19T12:17:44,2026-09-19T15:17:44,success,23069,demo-v1.1
R002885,O016651,2026-08-23T00:16:36,2026-08-24T14:16:36,success,576234,demo-v1.1
R002886,O016653,2026-02-03T10:04:06,2026-02-06T00:04:06,success,468605,demo-v1.1
R002887,O016662,2026-09-30T23:59:59,2026-09-30T23:59:59,success,606389,demo-v1.1
R002888,O016680,2026-04-09T22:12:43,2026-04-11T12:12:43,success,813700,demo-v1.1
R002889,O016681,2026-06-19T03:04:11,2026-06-21T16:04:11,success,7679,demo-v1.1
R002890,O016682,2026-08-31T00:33:00,2026-09-03T00:33:00,success,6624,demo-v1.1
R002891,O016682,2026-09-03T00:34:00,2026-09-03T04:34:00,success,74286,demo-v1.1
R002892,O016684,2026-09-10T15:21:54,2026-09-12T13:21:54,success,336878,demo-v1.1
R002893,O016684,2026-09-12T13:22:54,2026-09-13T00:22:54,success,353298,demo-v1.1
R002894,O016691,2026-05-19T17:43:36,2026-05-19T22:43:36,success,624130,demo-v1.1
R002895,O016692,2026-06-18T06:12:21,2026-06-18T07:12:21,success,166990,demo-v1.1
R002896,O016696,2026-04-02T08:19:09,2026-04-04T07:19:09,success,178409,demo-v1.1
R002897,O016696,2026-04-04T07:20:09,2026-04-04T15:20:09,success,298304,demo-v1.1
R002898,O016708,2026-05-05T16:55:02,,pending,1079184,demo-v1.1
R002899,O016710,2026-05-12T22:11:25,2026-05-15T17:11:25,success,51955,demo-v1.1
R002900,O016725,2026-05-21T00:00:28,2026-05-23T13:00:28,success,464899,demo-v1.1
R002901,O016726,2026-06-23T10:56:48,2026-06-25T08:56:48,success,362293,demo-v1.1
R002902,O016727,2026-02-08T19:23:43,2026-02-10T16:23:43,success,39967,demo-v1.1
R002903,O016727,2026-02-10T16:24:43,2026-02-12T01:24:43,success,474885,demo-v1.1
R002904,O016730,2026-04-16T10:09:26,2026-04-18T13:09:26,success,27855,demo-v1.1
R002905,O016735,2026-03-28T17:47:31,2026-03-31T02:47:31,success,1679000,demo-v1.1
R002906,O016738,2026-02-08T23:15:25,2026-02-09T01:15:25,success,440729,demo-v1.1
R002907,O016748,2026-01-28T19:24:06,2026-01-30T02:24:06,success,378013,demo-v1.1
R002908,O016754,2026-08-09T13:35:59,2026-08-11T07:35:59,success,746482,demo-v1.1
R002909,O016756,2026-02-01T16:19:13,2026-02-02T23:19:13,success,128790,demo-v1.1
R002910,O016757,2026-07-13T09:24:46,2026-07-13T13:24:46,success,352604,demo-v1.1
R002911,O016764,2026-06-13T14:54:11,2026-06-16T12:54:11,success,248498,demo-v1.1
R002912,O016768,2026-05-09T17:48:59,2026-05-12T15:48:59,success,15926,demo-v1.1
R002913,O016769,2026-04-18T22:35:28,2026-04-21T07:35:28,success,277227,demo-v1.1
R002914,O016771,2026-08-28T07:18:51,2026-08-29T22:18:51,success,114413,demo-v1.1
R002915,O016777,2026-02-05T11:18:56,2026-02-07T03:18:56,success,379643,demo-v1.1
R002916,O016779,2026-01-28T00:11:39,2026-01-31T00:11:39,success,446340,demo-v1.1
R002917,O016786,2026-09-30T23:59:59,2026-09-30T23:59:59,success,430077,demo-v1.1
R002918,O016797,2026-06-24T01:27:34,2026-06-26T08:27:34,success,27041,demo-v1.1
R002919,O016797,2026-06-26T08:28:34,2026-06-28T17:28:34,success,83562,demo-v1.1
R002920,O016799,2026-07-07T22:19:36,2026-07-09T19:19:36,success,12051,demo-v1.1
R002921,O016803,2026-09-14T15:06:56,2026-09-16T05:06:56,success,13447,demo-v1.1
R002922,O016815,2026-03-11T15:05:38,2026-03-12T22:05:38,success,700355,demo-v1.1
R002923,O016815,2026-03-12T22:06:38,2026-03-15T08:06:38,success,650118,demo-v1.1
R002924,O016819,2026-02-05T01:24:47,,failed,310619,demo-v1.1
R002925,O016845,2026-02-19T05:16:53,2026-02-19T07:16:53,success,1504711,demo-v1.1
R002926,O016852,2026-02-07T12:07:33,2026-02-07T22:07:33,success,277529,demo-v1.1
R002927,O016855,2026-05-19T09:52:51,2026-05-19T18:52:51,success,169363,demo-v1.1
R002928,O016863,2026-09-30T23:59:59,2026-09-30T23:59:59,success,1839635,demo-v1.1
R002929,O016865,2026-09-27T03:25:22,2026-09-27T17:25:22,success,802952,demo-v1.1
R002930,O016877,2026-09-30T23:59:59,2026-09-30T23:59:59,success,87809,demo-v1.1
R002931,O016877,2026-09-30T23:59:59,2026-09-30T23:59:59,success,114239,demo-v1.1
R002932,O016885,2026-06-18T00:34:47,2026-06-19T01:34:47,success,1848,demo-v1.1
R002933,O016887,2026-03-27T04:36:12,2026-03-27T20:36:12,success,32646,demo-v1.1
R002934,O016894,2026-08-04T00:21:51,2026-08-05T19:21:51,success,963573,demo-v1.1
R002935,O016896,2026-05-03T03:01:50,2026-05-06T00:01:50,success,1799841,demo-v1.1
R002936,O016901,2026-03-27T00:47:24,2026-03-29T05:47:24,success,198285,demo-v1.1
R002937,O016904,2026-08-26T14:33:17,,pending,152545,demo-v1.1
R002938,O016909,2026-09-10T17:40:48,2026-09-11T04:40:48,success,98087,demo-v1.1
R002939,O016935,2026-03-24T15:52:13,2026-03-25T15:52:13,success,913612,demo-v1.1
R002940,O016936,2026-05-30T20:05:47,2026-05-31T09:05:47,success,13563,demo-v1.1
R002941,O016954,2026-02-02T16:10:17,2026-02-04T17:10:17,success,1466370,demo-v1.1
R002942,O016958,2026-09-23T12:47:58,2026-09-25T22:47:58,success,1237574,demo-v1.1
R002943,O016963,2026-03-16T13:11:51,2026-03-17T13:11:51,success,49718,demo-v1.1
R002944,O016964,2026-03-18T17:24:56,2026-03-19T11:24:56,success,14985,demo-v1.1
R002945,O016965,2026-05-25T06:51:44,2026-05-25T13:51:44,success,76830,demo-v1.1
R002946,O016972,2026-07-16T14:00:13,2026-07-17T07:00:13,success,324624,demo-v1.1
R002947,O016973,2026-03-13T12:48:24,2026-03-13T22:48:24,success,808897,demo-v1.1
R002948,O016977,2026-01-12T13:00:13,2026-01-15T05:00:13,success,667661,demo-v1.1
R002949,O016983,2026-09-22T14:39:48,2026-09-24T00:39:48,success,294857,demo-v1.1
R002950,O016988,2026-09-30T23:59:59,2026-09-30T23:59:59,success,883352,demo-v1.1
R002951,O016996,2026-06-12T20:32:47,2026-06-12T22:32:47,success,137897,demo-v1.1
R002952,O017016,2026-04-25T01:53:25,,failed,233957,demo-v1.1
R002953,O017017,2026-02-18T15:16:24,2026-02-19T02:16:24,success,617414,demo-v1.1
R002954,O017018,2026-04-20T19:12:11,2026-04-21T09:12:11,success,994334,demo-v1.1
R002955,O017025,2026-05-20T22:09:24,2026-05-23T03:09:24,success,40817,demo-v1.1
R002956,O017025,2026-05-23T03:10:24,2026-05-25T21:10:24,success,3103,demo-v1.1
R002957,O017026,2026-05-31T17:07:54,2026-06-03T15:07:54,success,25364,demo-v1.1
R002958,O017034,2026-07-31T18:10:28,2026-08-01T20:10:28,success,73330,demo-v1.1
R002959,O017043,2026-06-02T01:17:54,2026-06-02T03:17:54,success,211882,demo-v1.1
R002960,O017060,2026-04-07T21:56:24,2026-04-09T04:56:24,success,373347,demo-v1.1
R002961,O017060,2026-04-09T04:57:24,2026-04-11T09:57:24,success,104968,demo-v1.1
R002962,O017068,2026-06-24T10:39:13,2026-06-25T03:39:13,success,163520,demo-v1.1
R002963,O017069,2026-03-03T05:16:16,2026-03-04T16:16:16,success,166219,demo-v1.1
R002964,O017070,2026-05-15T13:32:00,2026-05-16T02:32:00,success,798339,demo-v1.1
R002965,O017075,2026-06-04T09:45:01,2026-06-07T05:45:01,success,974482,demo-v1.1
R002966,O017077,2026-05-20T03:56:32,2026-05-21T04:56:32,success,374614,demo-v1.1
R002967,O017077,2026-05-21T04:57:32,2026-05-21T10:57:32,success,527368,demo-v1.1
R002968,O017078,2026-06-09T15:54:01,2026-06-11T12:54:01,success,591601,demo-v1.1
R002969,O017084,2026-06-18T16:55:55,2026-06-20T22:55:55,success,330285,demo-v1.1
R002970,O017092,2026-08-04T01:05:16,2026-08-04T17:05:16,success,1686774,demo-v1.1
R002971,O017094,2026-05-10T03:41:52,2026-05-11T07:41:52,success,310745,demo-v1.1
R002972,O017094,2026-05-11T07:42:52,2026-05-12T21:42:52,success,826199,demo-v1.1
R002973,O017096,2026-02-15T05:06:13,2026-02-16T05:06:13,success,779710,demo-v1.1
R002974,O017104,2026-05-16T13:12:38,,pending,571160,demo-v1.1
R002975,O017117,2026-04-14T15:16:11,2026-04-16T13:16:11,success,1063938,demo-v1.1
R002976,O017120,2026-04-27T08:40:50,2026-04-28T09:40:50,success,792041,demo-v1.1
R002977,O017126,2026-06-16T06:51:37,2026-06-18T07:51:37,success,597189,demo-v1.1
R002978,O017130,2026-03-07T13:32:09,,pending,81549,demo-v1.1
R002979,O017132,2026-05-16T22:52:09,2026-05-18T02:52:09,success,578941,demo-v1.1
R002980,O017135,2026-08-22T09:36:29,2026-08-24T22:36:29,success,463299,demo-v1.1
R002981,O017142,2026-05-28T00:17:40,2026-05-31T00:17:40,success,864650,demo-v1.1
R002982,O017150,2026-04-08T05:53:06,2026-04-10T23:53:06,success,1050305,demo-v1.1
R002983,O017155,2026-09-29T15:35:29,2026-09-30T23:59:59,success,646650,demo-v1.1
R002984,O017155,2026-09-30T23:59:59,2026-09-30T23:59:59,success,514933,demo-v1.1
R002985,O017158,2026-06-17T17:46:26,2026-06-19T13:46:26,success,805864,demo-v1.1
R002986,O017160,2026-09-26T18:40:45,2026-09-27T17:40:45,success,531855,demo-v1.1
R002987,O017179,2026-02-26T06:12:29,2026-02-27T10:12:29,success,54336,demo-v1.1
R002988,O017179,2026-02-27T10:13:29,2026-03-02T10:13:29,success,410392,demo-v1.1
R002989,O017183,2026-03-30T17:36:10,2026-04-02T13:36:10,success,143624,demo-v1.1
R002990,O017185,2026-08-11T09:02:26,2026-08-12T04:02:26,success,142044,demo-v1.1
R002991,O017192,2026-07-24T21:54:48,2026-07-27T21:54:48,success,11091,demo-v1.1
R002992,O017192,2026-07-27T21:55:48,2026-07-29T03:55:48,success,36107,demo-v1.1
R002993,O017200,2026-05-02T06:34:30,,failed,351005,demo-v1.1
R002994,O017200,2026-05-03T09:35:30,2026-05-04T17:35:30,success,523881,demo-v1.1
R002995,O017213,2026-02-07T19:56:25,2026-02-09T21:56:25,success,86739,demo-v1.1
R002996,O017217,2026-09-01T02:44:32,2026-09-03T15:44:32,success,1648773,demo-v1.1
R002997,O017222,2026-04-17T02:04:32,2026-04-19T01:04:32,success,642237,demo-v1.1
R002998,O017224,2026-07-24T22:36:22,2026-07-27T08:36:22,success,171769,demo-v1.1
R002999,O017228,2026-04-17T10:46:01,2026-04-19T21:46:01,success,52416,demo-v1.1
R003000,O017235,2026-08-24T06:55:25,2026-08-24T21:55:25,success,1045221,demo-v1.1
R003001,O017241,2026-05-06T18:06:08,2026-05-08T10:06:08,success,947958,demo-v1.1
R003002,O017243,2026-07-25T01:19:11,,failed,101588,demo-v1.1
R003003,O017244,2026-09-30T23:59:59,2026-09-30T23:59:59,success,543649,demo-v1.1
R003004,O017244,2026-09-30T23:59:59,2026-09-30T23:59:59,success,251896,demo-v1.1
R003005,O017253,2026-01-27T05:08:10,2026-01-27T23:08:10,success,118605,demo-v1.1
R003006,O017254,2026-07-11T12:11:18,,pending,88860,demo-v1.1
R003007,O017259,2026-02-14T10:45:00,2026-02-15T23:45:00,success,73749,demo-v1.1
R003008,O017260,2026-06-24T07:59:26,2026-06-24T10:59:26,success,71620,demo-v1.1
R003009,O017265,2026-09-20T23:28:29,2026-09-22T23:28:29,success,190181,demo-v1.1
R003010,O017271,2026-06-02T04:24:36,2026-06-04T22:24:36,success,1078543,demo-v1.1
R003011,O017272,2026-04-25T06:03:33,2026-04-27T06:03:33,success,23460,demo-v1.1
R003012,O017278,2026-02-23T08:17:10,2026-02-25T22:17:10,success,897159,demo-v1.1
R003013,O017284,2026-08-16T18:44:59,2026-08-18T15:44:59,success,109536,demo-v1.1
R003014,O017293,2026-04-26T05:47:28,2026-04-28T20:47:28,success,15035,demo-v1.1
R003015,O017303,2026-09-30T23:59:59,,failed,1721519,demo-v1.1
R003016,O017308,2026-03-27T21:15:33,2026-03-30T11:15:33,success,669984,demo-v1.1
R003017,O017310,2026-05-07T00:28:46,2026-05-08T11:28:46,success,33819,demo-v1.1
R003018,O017326,2026-03-15T06:59:09,2026-03-18T01:59:09,success,369670,demo-v1.1
R003019,O017337,2026-02-17T16:13:10,2026-02-20T05:13:10,success,1068593,demo-v1.1
R003020,O017338,2026-04-07T19:42:01,,pending,281643,demo-v1.1
R003021,O017339,2026-09-30T23:59:59,2026-09-30T23:59:59,success,35587,demo-v1.1
R003022,O017339,2026-09-30T23:59:59,2026-09-30T23:59:59,success,79023,demo-v1.1
R003023,O017355,2026-04-24T18:42:50,,failed,261170,demo-v1.1
R003024,O017359,2026-02-19T13:58:31,2026-02-20T10:58:31,success,221784,demo-v1.1
R003025,O017372,2026-04-24T11:41:52,2026-04-26T04:41:52,success,47666,demo-v1.1
R003026,O017389,2026-06-19T04:42:47,2026-06-20T05:42:47,success,23423,demo-v1.1
R003027,O017397,2026-05-04T00:54:49,2026-05-06T03:54:49,success,841437,demo-v1.1
R003028,O017407,2026-04-24T13:55:53,2026-04-27T03:55:53,success,3419,demo-v1.1
R003029,O017407,2026-04-27T03:56:53,2026-04-29T06:56:53,success,190970,demo-v1.1
R003030,O017415,2026-04-09T19:25:17,2026-04-10T06:25:17,success,39905,demo-v1.1
R003031,O017422,2026-09-30T23:59:59,2026-09-30T23:59:59,success,485033,demo-v1.1
R003032,O017425,2026-03-28T15:17:05,,pending,149038,demo-v1.1
R003033,O017427,2026-04-29T06:14:30,2026-05-01T02:14:30,success,214822,demo-v1.1
R003034,O017430,2026-06-29T12:24:53,2026-07-01T16:24:53,success,96322,demo-v1.1
R003035,O017431,2026-06-01T19:32:22,2026-06-03T05:32:22,success,75063,demo-v1.1
R003036,O017450,2026-07-03T18:58:38,2026-07-05T19:58:38,success,189384,demo-v1.1
R003037,O017467,2026-05-31T21:38:16,2026-06-02T11:38:16,success,344586,demo-v1.1
R003038,O017468,2026-02-22T17:27:05,2026-02-23T07:27:05,success,462289,demo-v1.1
R003039,O017476,2026-09-29T23:19:57,2026-09-30T23:59:59,success,225640,demo-v1.1
R003040,O017487,2026-06-04T02:07:55,2026-06-06T13:07:55,success,115202,demo-v1.1
R003041,O017491,2026-02-10T09:30:25,2026-02-12T11:30:25,success,31743,demo-v1.1
R003042,O017501,2026-09-30T23:59:59,2026-09-30T23:59:59,success,924616,demo-v1.1
R003043,O017502,2026-05-13T17:51:59,2026-05-14T07:51:59,success,79613,demo-v1.1
R003044,O017519,2026-03-14T07:50:11,2026-03-14T14:50:11,success,437721,demo-v1.1
R003045,O017521,2026-03-29T02:54:44,,failed,467790,demo-v1.1
R003046,O017533,2026-03-24T03:45:51,2026-03-26T07:45:51,success,207497,demo-v1.1
R003047,O017535,2026-05-11T19:17:55,2026-05-11T23:17:55,success,271887,demo-v1.1
R003048,O017536,2026-05-01T15:19:37,2026-05-03T15:19:37,success,1208679,demo-v1.1
R003049,O017541,2026-07-02T16:54:42,2026-07-04T07:54:42,success,1614866,demo-v1.1
R003050,O017547,2026-08-22T16:31:25,,failed,1121762,demo-v1.1
R003051,O017549,2026-08-30T18:23:56,2026-09-02T05:23:56,success,118972,demo-v1.1
R003052,O017556,2026-05-19T15:54:54,2026-05-20T11:54:54,success,1260683,demo-v1.1
R003053,O017557,2026-08-14T19:10:34,2026-08-15T18:10:34,success,11177,demo-v1.1
R003054,O017566,2026-07-17T03:40:14,,failed,709147,demo-v1.1
R003055,O017572,2026-03-26T02:42:48,2026-03-26T06:42:48,success,21689,demo-v1.1
R003056,O017579,2026-07-21T14:30:26,2026-07-22T07:30:26,success,624922,demo-v1.1
R003057,O017582,2026-08-22T14:45:07,2026-08-25T10:45:07,success,195050,demo-v1.1
R003058,O017586,2026-08-25T12:54:29,2026-08-26T10:54:29,success,441159,demo-v1.1
R003059,O017601,2026-07-05T19:11:49,2026-07-06T03:11:49,success,710285,demo-v1.1
R003060,O017602,2026-09-14T08:06:46,2026-09-16T01:06:46,success,158611,demo-v1.1
R003061,O017603,2026-09-30T23:59:59,2026-09-30T23:59:59,success,64187,demo-v1.1
R003062,O017612,2026-02-02T03:04:59,2026-02-03T12:04:59,success,418296,demo-v1.1
R003063,O017633,2026-09-03T22:12:13,2026-09-05T13:12:13,success,371059,demo-v1.1
R003064,O017637,2026-08-03T08:10:28,2026-08-05T16:10:28,success,5391,demo-v1.1
R003065,O017646,2026-03-20T02:12:07,,failed,83309,demo-v1.1
R003066,O017646,2026-03-20T07:13:07,2026-03-20T17:13:07,success,60356,demo-v1.1
R003067,O017647,2026-05-02T09:26:34,,pending,1114177,demo-v1.1
R003068,O017653,2026-02-17T02:04:38,2026-02-18T23:04:38,success,65012,demo-v1.1
R003069,O017656,2026-02-07T17:19:51,,pending,1191413,demo-v1.1
R003070,O017662,2026-07-17T06:09:51,2026-07-18T00:09:51,success,1374790,demo-v1.1
R003071,O017671,2026-07-06T07:47:26,2026-07-06T20:47:26,success,1279207,demo-v1.1
R003072,O017674,2026-04-14T14:46:18,,failed,138947,demo-v1.1
R003073,O017679,2026-08-27T04:04:53,2026-08-27T06:04:53,success,469822,demo-v1.1
R003074,O017686,2026-07-02T22:50:08,2026-07-05T13:50:08,success,1115919,demo-v1.1
R003075,O017694,2026-09-30T23:59:59,,pending,15303,demo-v1.1
R003076,O017694,2026-09-30T23:59:59,2026-09-30T23:59:59,success,38952,demo-v1.1
R003077,O017698,2026-09-02T11:31:55,2026-09-03T11:31:55,success,470024,demo-v1.1
R003078,O017705,2026-04-03T16:34:23,2026-04-03T18:34:23,success,782894,demo-v1.1
R003079,O017706,2026-02-26T07:11:53,2026-02-27T20:11:53,success,309096,demo-v1.1
R003080,O017707,2026-07-18T00:01:10,2026-07-20T04:01:10,success,1227025,demo-v1.1
R003081,O017712,2026-05-21T00:25:19,,pending,5907,demo-v1.1
R003082,O017716,2026-04-29T01:31:55,2026-04-30T18:31:55,success,741122,demo-v1.1
R003083,O017717,2026-04-04T08:58:00,2026-04-06T13:58:00,success,938359,demo-v1.1
R003084,O017718,2026-04-17T11:10:34,2026-04-20T05:10:34,success,664747,demo-v1.1
R003085,O017718,2026-04-20T05:11:34,2026-04-21T20:11:34,success,166380,demo-v1.1
R003086,O017736,2026-02-15T18:05:31,2026-02-18T17:05:31,success,1809781,demo-v1.1
R003087,O017737,2026-03-31T14:33:41,2026-04-02T00:33:41,success,56433,demo-v1.1
R003088,O017747,2026-07-18T10:34:47,2026-07-20T14:34:47,success,572923,demo-v1.1
R003089,O017751,2026-05-17T21:32:37,2026-05-19T14:32:37,success,859745,demo-v1.1
R003090,O017761,2026-09-02T21:46:57,2026-09-04T05:46:57,success,39569,demo-v1.1
R003091,O017766,2026-09-30T23:59:59,2026-09-30T23:59:59,success,300356,demo-v1.1
R003092,O017768,2026-01-23T22:01:53,2026-01-24T11:01:53,success,924451,demo-v1.1
R003093,O017790,2026-08-06T06:10:49,2026-08-06T13:10:49,success,12589,demo-v1.1
R003094,O017791,2026-09-20T00:05:13,2026-09-21T06:05:13,success,5107,demo-v1.1
R003095,O017799,2026-05-26T17:58:24,,pending,21561,demo-v1.1
R003096,O017800,2026-05-06T02:50:48,2026-05-07T00:50:48,success,85336,demo-v1.1
R003097,O017801,2026-05-16T05:42:24,2026-05-18T15:42:24,success,14655,demo-v1.1
R003098,O017805,2026-09-04T02:51:17,2026-09-05T19:51:17,success,903710,demo-v1.1
R003099,O017807,2026-01-31T18:47:50,2026-01-31T22:47:50,success,83178,demo-v1.1
R003100,O017808,2026-02-24T10:10:35,2026-02-26T17:10:35,success,30485,demo-v1.1
R003101,O017815,2026-04-02T18:13:01,2026-04-04T21:13:01,success,781299,demo-v1.1
R003102,O017818,2026-06-24T05:38:48,2026-06-26T02:38:48,success,227572,demo-v1.1
R003103,O017821,2026-01-25T12:28:56,2026-01-28T08:28:56,success,97184,demo-v1.1
R003104,O017821,2026-01-28T08:29:56,2026-01-30T07:29:56,success,11819,demo-v1.1
R003105,O017825,2026-01-26T06:14:49,,pending,161629,demo-v1.1
R003106,O017828,2026-09-30T23:59:59,2026-09-30T23:59:59,success,14497,demo-v1.1
R003107,O017838,2026-04-27T05:07:16,2026-04-27T20:07:16,success,706427,demo-v1.1
R003108,O017838,2026-04-27T20:08:16,2026-04-27T21:08:16,success,70284,demo-v1.1
R003109,O017850,2026-05-07T04:14:05,2026-05-09T07:14:05,success,97771,demo-v1.1
R003110,O017857,2026-01-28T07:13:43,2026-01-28T18:13:43,success,1600001,demo-v1.1
R003111,O017868,2026-08-30T10:58:38,2026-09-01T02:58:38,success,7963,demo-v1.1
R003112,O017873,2026-04-09T20:04:05,2026-04-12T08:04:05,success,151818,demo-v1.1
R003113,O017898,2026-05-08T15:05:06,2026-05-09T02:05:06,success,262565,demo-v1.1
R003114,O017898,2026-05-09T02:06:06,2026-05-09T12:06:06,success,153759,demo-v1.1
R003115,O017903,2026-09-30T23:59:59,,pending,1143409,demo-v1.1
R003116,O017907,2026-06-24T12:18:11,2026-06-25T10:18:11,success,26348,demo-v1.1
R003117,O017910,2026-08-18T08:58:43,2026-08-20T01:58:43,success,287727,demo-v1.1
R003118,O017915,2026-07-01T03:37:11,2026-07-02T07:37:11,success,224470,demo-v1.1
R003119,O017920,2026-04-27T15:23:58,,pending,217068,demo-v1.1
R003120,O017921,2026-09-30T23:59:59,2026-09-30T23:59:59,success,1425864,demo-v1.1
R003121,O017924,2026-02-27T06:44:46,2026-02-27T11:44:46,success,116363,demo-v1.1
R003122,O017927,2026-02-22T09:46:15,2026-02-23T17:46:15,success,958359,demo-v1.1
R003123,O017935,2026-09-22T08:29:23,2026-09-24T17:29:23,success,35105,demo-v1.1
R003124,O017938,2026-05-12T07:10:18,2026-05-15T04:10:18,success,536887,demo-v1.1
R003125,O017950,2026-08-31T13:26:33,2026-09-02T12:26:33,success,43827,demo-v1.1
R003126,O017950,2026-09-02T12:27:33,2026-09-03T13:27:33,success,439585,demo-v1.1
R003127,O017951,2026-01-16T10:34:45,2026-01-16T21:34:45,success,510151,demo-v1.1
R003128,O017951,2026-01-16T21:35:45,2026-01-18T14:35:45,success,9836,demo-v1.1
R003129,O017953,2026-09-06T12:57:00,2026-09-09T06:57:00,success,150495,demo-v1.1
R003130,O017964,2026-08-30T15:52:29,2026-09-02T14:52:29,success,202398,demo-v1.1
R003131,O017979,2026-03-29T12:11:23,,pending,42193,demo-v1.1
R003132,O017982,2026-09-30T23:59:59,2026-09-30T23:59:59,success,251607,demo-v1.1
R003133,O018000,2026-06-14T16:37:20,2026-06-17T07:37:20,success,289981,demo-v1.1
R003134,O018007,2026-09-30T23:59:59,,pending,78302,demo-v1.1
R003135,O018011,2026-03-10T14:47:25,2026-03-11T21:47:25,success,937245,demo-v1.1
R003136,O018023,2026-05-03T23:00:38,2026-05-05T01:00:38,success,369868,demo-v1.1
R003137,O018025,2026-05-29T04:10:59,2026-05-29T22:10:59,success,301403,demo-v1.1
R003138,O018031,2026-03-15T19:51:35,2026-03-18T11:51:35,success,355349,demo-v1.1
R003139,O018038,2026-06-20T15:28:38,2026-06-21T10:28:38,success,17019,demo-v1.1
R003140,O018049,2026-09-24T15:47:52,2026-09-27T12:47:52,success,188075,demo-v1.1
R003141,O018059,2026-05-08T15:42:44,2026-05-09T16:42:44,success,874270,demo-v1.1
R003142,O018069,2026-06-27T05:31:38,2026-06-28T00:31:38,success,684650,demo-v1.1
R003143,O018069,2026-06-28T00:32:38,2026-06-29T11:32:38,success,144848,demo-v1.1
R003144,O018097,2026-09-04T23:58:15,2026-09-06T08:58:15,success,1201433,demo-v1.1
R003145,O018107,2026-07-06T12:33:14,,pending,4423,demo-v1.1
R003146,O018116,2026-09-30T23:59:59,2026-09-30T23:59:59,success,190166,demo-v1.1
R003147,O018118,2026-04-26T18:25:09,2026-04-29T14:25:09,success,55481,demo-v1.1
R003148,O018124,2026-04-14T09:07:05,2026-04-15T16:07:05,success,46534,demo-v1.1
R003149,O018124,2026-04-15T16:08:05,2026-04-16T20:08:05,success,78397,demo-v1.1
R003150,O018128,2026-06-30T22:04:15,2026-07-02T00:04:15,success,656773,demo-v1.1
R003151,O018129,2026-03-01T23:16:08,2026-03-04T03:16:08,success,455894,demo-v1.1
R003152,O018132,2026-05-09T05:27:58,2026-05-11T00:27:58,success,140370,demo-v1.1
R003153,O018133,2026-05-29T19:23:37,2026-05-30T10:23:37,success,649306,demo-v1.1
R003154,O018136,2026-07-28T15:43:32,2026-07-29T11:43:32,success,63816,demo-v1.1
R003155,O018136,2026-07-29T11:44:32,2026-07-31T10:44:32,success,97619,demo-v1.1
R003156,O018142,2026-05-31T15:03:34,2026-06-03T15:03:34,success,881026,demo-v1.1
R003157,O018147,2026-05-14T06:18:49,2026-05-16T05:18:49,success,19727,demo-v1.1
R003158,O018156,2026-03-21T00:34:08,2026-03-21T21:34:08,success,415128,demo-v1.1
R003159,O018159,2026-04-04T12:03:59,2026-04-06T09:03:59,success,715001,demo-v1.1
R003160,O018162,2026-09-10T23:38:04,2026-09-13T13:38:04,success,297368,demo-v1.1
R003161,O018163,2026-04-01T07:12:51,2026-04-03T13:12:51,success,1261863,demo-v1.1
R003162,O018171,2026-02-25T17:46:52,2026-02-27T03:46:52,success,48247,demo-v1.1
R003163,O018200,2026-01-07T07:18:34,2026-01-09T20:18:34,success,105124,demo-v1.1
R003164,O018219,2026-09-19T12:15:20,2026-09-21T23:15:20,success,260586,demo-v1.1
R003165,O018228,2026-05-24T17:09:42,2026-05-27T12:09:42,success,1312973,demo-v1.1
R003166,O018234,2026-09-25T21:05:03,2026-09-26T18:05:03,success,1486062,demo-v1.1
R003167,O018241,2026-08-04T02:02:24,2026-08-06T03:02:24,success,17366,demo-v1.1
R003168,O018241,2026-08-06T03:03:24,2026-08-07T09:03:24,success,13587,demo-v1.1
R003169,O018242,2026-06-23T19:06:06,,pending,659925,demo-v1.1
R003170,O018243,2026-09-13T07:38:25,2026-09-13T12:38:25,success,184885,demo-v1.1
R003171,O018243,2026-09-13T12:39:25,2026-09-15T21:39:25,success,249851,demo-v1.1
R003172,O018252,2026-05-19T19:37:50,2026-05-20T22:37:50,success,3334,demo-v1.1
R003173,O018255,2026-09-30T23:59:59,2026-09-30T23:59:59,success,407149,demo-v1.1
R003174,O018261,2026-09-19T13:17:48,2026-09-20T09:17:48,success,531471,demo-v1.1
R003175,O018267,2026-04-29T20:27:09,2026-04-30T09:27:09,success,1361122,demo-v1.1
R003176,O018272,2026-04-26T08:46:34,2026-04-27T15:46:34,success,253059,demo-v1.1
R003177,O018275,2026-01-13T18:57:19,2026-01-15T07:57:19,success,641772,demo-v1.1
R003178,O018284,2026-08-30T13:37:02,2026-08-31T21:37:02,success,371669,demo-v1.1
R003179,O018285,2026-09-18T02:54:57,2026-09-18T03:54:57,success,423292,demo-v1.1
R003180,O018288,2026-06-28T01:01:53,2026-06-30T02:01:53,success,1215691,demo-v1.1
R003181,O018290,2026-08-24T00:17:50,2026-08-24T15:17:50,success,304098,demo-v1.1
R003182,O018292,2026-01-31T17:23:46,,failed,298390,demo-v1.1
R003183,O018300,2026-02-27T05:50:03,2026-02-27T23:50:03,success,672043,demo-v1.1
R003184,O018308,2026-05-07T19:18:12,2026-05-10T09:18:12,success,207306,demo-v1.1
R003185,O018323,2026-09-11T07:48:21,2026-09-14T03:48:21,success,917946,demo-v1.1
R003186,O018331,2026-07-28T01:31:14,2026-07-30T23:31:14,success,490261,demo-v1.1
R003187,O018336,2026-02-19T18:16:32,2026-02-21T20:16:32,success,130848,demo-v1.1
R003188,O018337,2026-04-16T11:24:22,,failed,64290,demo-v1.1
R003189,O018341,2026-01-13T20:30:52,2026-01-15T10:30:52,success,100,demo-v1.1
R003190,O018345,2026-09-03T17:49:23,2026-09-04T22:49:23,success,862632,demo-v1.1
R003191,O018352,2026-07-18T00:15:05,2026-07-19T04:15:05,success,784684,demo-v1.1
R003192,O018354,2026-01-21T21:22:59,2026-01-22T05:22:59,success,875932,demo-v1.1
R003193,O018359,2026-06-10T15:40:44,2026-06-10T20:40:44,success,27256,demo-v1.1
R003194,O018365,2026-01-24T20:57:27,,pending,774953,demo-v1.1
R003195,O018384,2026-05-22T17:27:39,2026-05-25T15:27:39,success,41769,demo-v1.1
R003196,O018384,2026-05-25T15:28:39,2026-05-26T19:28:39,success,38141,demo-v1.1
R003197,O018386,2026-08-28T09:39:18,2026-08-30T22:39:18,success,1520264,demo-v1.1
R003198,O018390,2026-02-09T20:52:47,2026-02-12T10:52:47,success,216531,demo-v1.1
R003199,O018393,2026-04-09T21:50:31,2026-04-12T21:50:31,success,420707,demo-v1.1
R003200,O018394,2026-05-20T19:06:36,2026-05-23T05:06:36,success,309681,demo-v1.1
R003201,O018406,2026-03-20T13:02:28,2026-03-22T06:02:28,success,368359,demo-v1.1
R003202,O018408,2026-04-03T07:39:15,2026-04-04T13:39:15,success,943007,demo-v1.1
R003203,O018435,2026-02-05T06:03:42,2026-02-08T02:03:42,success,108630,demo-v1.1
R003204,O018438,2026-08-31T21:46:12,2026-09-02T12:46:12,success,309850,demo-v1.1
R003205,O018441,2026-02-08T00:53:25,2026-02-10T16:53:25,success,12629,demo-v1.1
R003206,O018451,2026-07-08T08:23:56,,failed,856119,demo-v1.1
R003207,O018468,2026-07-19T04:50:50,2026-07-21T12:50:50,success,226280,demo-v1.1
R003208,O018471,2026-01-29T07:42:16,,pending,173862,demo-v1.1
R003209,O018485,2026-02-14T02:09:07,2026-02-15T22:09:07,success,26095,demo-v1.1
R003210,O018498,2026-08-07T11:35:15,2026-08-09T12:35:15,success,116796,demo-v1.1
R003211,O018503,2026-03-09T07:59:56,,pending,385457,demo-v1.1
R003212,O018505,2026-03-10T05:15:15,2026-03-10T16:15:15,success,846638,demo-v1.1
R003213,O018508,2026-01-19T05:41:42,2026-01-20T05:41:42,success,186241,demo-v1.1
R003214,O018508,2026-01-20T05:42:42,2026-01-21T14:42:42,success,110115,demo-v1.1
R003215,O018515,2026-09-30T23:59:59,2026-09-30T23:59:59,success,1022754,demo-v1.1
R003216,O018524,2026-03-16T16:44:36,2026-03-19T05:44:36,success,155023,demo-v1.1
R003217,O018526,2026-09-05T06:41:05,2026-09-08T06:41:05,success,60981,demo-v1.1
R003218,O018530,2026-06-07T23:45:11,2026-06-08T22:45:11,success,517779,demo-v1.1
R003219,O018532,2026-02-07T14:53:07,2026-02-10T09:53:07,success,856668,demo-v1.1
R003220,O018553,2026-06-14T12:59:56,2026-06-16T07:59:56,success,160203,demo-v1.1
R003221,O018554,2026-02-06T00:41:14,2026-02-06T05:41:14,success,654,demo-v1.1
R003222,O018554,2026-02-06T05:42:14,2026-02-06T15:42:14,success,18303,demo-v1.1
R003223,O018557,2026-07-13T08:45:08,2026-07-13T10:45:08,success,973222,demo-v1.1
R003224,O018559,2026-05-28T15:21:52,2026-05-31T00:21:52,success,255797,demo-v1.1
R003225,O018561,2026-04-19T06:46:01,2026-04-20T08:46:01,success,1271294,demo-v1.1
R003226,O018562,2026-02-03T09:32:09,2026-02-03T18:32:09,success,110285,demo-v1.1
R003227,O018564,2026-06-11T17:38:58,2026-06-13T10:38:58,success,381627,demo-v1.1
R003228,O018567,2026-05-01T02:28:28,2026-05-03T18:28:28,success,757957,demo-v1.1
R003229,O018570,2026-01-22T18:31:01,2026-01-24T05:31:01,success,369282,demo-v1.1
R003230,O018571,2026-02-23T07:33:50,2026-02-24T20:33:50,success,182618,demo-v1.1
R003231,O018571,2026-02-24T20:34:50,2026-02-26T06:34:50,success,121047,demo-v1.1
R003232,O018577,2026-04-11T22:09:38,2026-04-12T03:09:38,success,351931,demo-v1.1
R003233,O018586,2026-01-21T10:59:43,2026-01-24T03:59:43,success,4477,demo-v1.1
R003234,O018587,2026-05-24T12:05:25,2026-05-27T12:05:25,success,961765,demo-v1.1
R003235,O018588,2026-07-17T16:34:08,2026-07-18T05:34:08,success,49204,demo-v1.1
R003236,O018593,2026-02-17T09:40:23,2026-02-20T07:40:23,success,609451,demo-v1.1
R003237,O018600,2026-03-18T09:06:21,2026-03-19T19:06:21,success,552877,demo-v1.1
R003238,O018604,2026-07-10T19:44:35,,pending,206577,demo-v1.1
R003239,O018615,2026-04-07T02:12:01,2026-04-09T11:12:01,success,44643,demo-v1.1
R003240,O018624,2026-09-06T06:23:53,2026-09-06T15:23:53,success,97461,demo-v1.1
R003241,O018625,2026-01-12T03:08:43,2026-01-13T04:08:43,success,600913,demo-v1.1
R003242,O018628,2026-06-22T18:03:29,2026-06-25T13:03:29,success,765690,demo-v1.1
R003243,O018644,2026-06-19T13:30:42,2026-06-19T14:30:42,success,244768,demo-v1.1
R003244,O018645,2026-06-12T08:06:38,2026-06-13T08:06:38,success,459676,demo-v1.1
R003245,O018645,2026-06-13T08:07:38,2026-06-14T07:07:38,success,56479,demo-v1.1
R003246,O018650,2026-03-05T07:19:12,2026-03-05T18:19:12,success,328603,demo-v1.1
R003247,O018652,2026-04-27T09:09:10,2026-04-27T12:09:10,success,541057,demo-v1.1
R003248,O018660,2026-09-22T19:04:07,2026-09-25T06:04:07,success,33991,demo-v1.1
R003249,O018663,2026-01-28T21:10:51,,failed,539242,demo-v1.1
R003250,O018663,2026-01-31T06:11:51,2026-02-01T16:11:51,success,537727,demo-v1.1
R003251,O018664,2026-05-18T19:16:55,2026-05-20T16:16:55,success,342577,demo-v1.1
R003252,O018667,2026-04-15T06:41:35,2026-04-17T06:41:35,success,381704,demo-v1.1
R003253,O018671,2026-03-31T08:02:21,2026-04-02T13:02:21,success,913141,demo-v1.1
R003254,O018680,2026-07-13T08:04:16,,failed,321487,demo-v1.1
R003255,O018681,2026-06-30T02:04:32,2026-07-02T03:04:32,success,11668,demo-v1.1
R003256,O018685,2026-08-18T05:09:28,2026-08-18T11:09:28,success,498798,demo-v1.1
R003257,O018688,2026-02-04T01:52:02,,pending,9397,demo-v1.1
R003258,O018690,2026-04-01T13:15:26,2026-04-03T04:15:26,success,512245,demo-v1.1
R003259,O018691,2026-02-17T15:47:42,,pending,1085163,demo-v1.1
R003260,O018693,2026-01-25T09:37:25,2026-01-27T23:37:25,success,540447,demo-v1.1
R003261,O018703,2026-03-07T15:04:48,2026-03-09T23:04:48,success,143303,demo-v1.1
R003262,O018707,2026-07-05T05:36:23,,failed,880737,demo-v1.1
R003263,O018715,2026-06-29T20:04:34,2026-06-30T01:04:34,success,1239827,demo-v1.1
R003264,O018720,2026-04-21T12:24:44,2026-04-23T00:24:44,success,390052,demo-v1.1
R003265,O018722,2026-05-04T04:17:55,2026-05-05T18:17:55,success,1053,demo-v1.1
R003266,O018722,2026-05-05T18:18:55,2026-05-07T19:18:55,success,11812,demo-v1.1
R003267,O018723,2026-09-09T06:16:15,2026-09-10T20:16:15,success,758746,demo-v1.1
R003268,O018723,2026-09-10T20:17:15,,failed,233950,demo-v1.1
R003269,O018734,2026-01-31T12:47:11,2026-02-03T04:47:11,success,178096,demo-v1.1
R003270,O018738,2026-04-13T20:55:30,2026-04-15T07:55:30,success,938143,demo-v1.1
R003271,O018740,2026-07-27T20:52:36,2026-07-29T03:52:36,success,80949,demo-v1.1
R003272,O018745,2026-04-11T07:32:34,2026-04-11T22:32:34,success,61346,demo-v1.1
R003273,O018754,2026-07-27T05:07:58,2026-07-30T01:07:58,success,53212,demo-v1.1
R003274,O018763,2026-07-27T22:07:10,2026-07-30T14:07:10,success,135101,demo-v1.1
R003275,O018783,2026-01-29T06:41:09,2026-01-31T05:41:09,success,1579869,demo-v1.1
R003276,O018791,2026-09-23T00:35:27,2026-09-24T03:35:27,success,817769,demo-v1.1
R003277,O018801,2026-02-16T10:20:10,2026-02-18T20:20:10,success,381365,demo-v1.1
R003278,O018807,2026-03-09T04:10:23,2026-03-09T13:10:23,success,185056,demo-v1.1
R003279,O018811,2026-01-30T23:54:49,,failed,227022,demo-v1.1
R003280,O018830,2026-01-30T11:18:58,2026-02-01T14:18:58,success,45655,demo-v1.1
R003281,O018840,2026-09-24T12:32:36,2026-09-27T08:32:36,success,1442,demo-v1.1
R003282,O018840,2026-09-27T08:33:36,,failed,49645,demo-v1.1
R003283,O018845,2026-09-30T23:59:59,2026-09-30T23:59:59,success,120533,demo-v1.1
R003284,O018847,2026-01-29T02:10:53,2026-02-01T02:10:53,success,1103566,demo-v1.1
R003285,O018849,2026-04-13T22:45:45,2026-04-15T18:45:45,success,7311,demo-v1.1
R003286,O018866,2026-02-25T08:05:17,,pending,315786,demo-v1.1
R003287,O018870,2026-02-14T00:14:00,2026-02-15T20:14:00,success,751830,demo-v1.1
R003288,O018878,2026-04-27T07:00:47,2026-04-29T07:00:47,success,444452,demo-v1.1
R003289,O018884,2026-09-02T15:03:20,2026-09-05T03:03:20,success,245706,demo-v1.1
R003290,O018886,2026-03-13T23:25:34,,pending,162398,demo-v1.1
R003291,O018894,2026-09-27T17:06:21,2026-09-30T04:06:21,success,555323,demo-v1.1
R003292,O018900,2026-08-25T06:55:03,,pending,363015,demo-v1.1
R003293,O018902,2026-05-08T23:43:54,2026-05-10T07:43:54,success,64258,demo-v1.1
R003294,O018904,2026-09-17T16:01:51,2026-09-19T22:01:51,success,356360,demo-v1.1
R003295,O018908,2026-02-06T10:19:14,2026-02-08T19:19:14,success,400852,demo-v1.1
R003296,O018918,2026-06-18T17:49:29,2026-06-20T05:49:29,success,36096,demo-v1.1
R003297,O018918,2026-06-20T05:50:29,2026-06-21T22:50:29,success,230508,demo-v1.1
R003298,O018928,2026-02-13T03:17:45,2026-02-14T03:17:45,success,70034,demo-v1.1
R003299,O018929,2026-09-30T23:59:59,2026-09-30T23:59:59,success,680497,demo-v1.1
R003300,O018929,2026-09-30T23:59:59,2026-09-30T23:59:59,success,297242,demo-v1.1
R003301,O018939,2026-09-27T12:26:23,2026-09-28T19:26:23,success,868057,demo-v1.1
R003302,O018943,2026-07-16T12:04:04,2026-07-18T03:04:04,success,633315,demo-v1.1
R003303,O018952,2026-02-12T21:43:38,2026-02-15T21:43:38,success,44724,demo-v1.1
R003304,O018955,2026-02-19T07:23:43,2026-02-20T08:23:43,success,12250,demo-v1.1
R003305,O018957,2026-07-19T23:16:09,2026-07-21T05:16:09,success,266219,demo-v1.1
R003306,O018964,2026-05-29T16:28:44,2026-05-31T20:28:44,success,1594455,demo-v1.1
R003307,O018979,2026-07-15T13:51:55,2026-07-16T18:51:55,success,20520,demo-v1.1
R003308,O018980,2026-06-14T11:20:58,2026-06-14T21:20:58,success,1428393,demo-v1.1
R003309,O018996,2026-02-19T22:41:34,2026-02-19T23:41:34,success,955748,demo-v1.1
R003310,O019011,2026-03-24T19:32:19,2026-03-26T18:32:19,success,715016,demo-v1.1
R003311,O019012,2026-03-03T21:35:06,2026-03-04T07:35:06,success,1087531,demo-v1.1
R003312,O019019,2026-07-15T17:11:32,2026-07-17T18:11:32,success,1453076,demo-v1.1
R003313,O019035,2026-05-12T00:38:41,2026-05-12T15:38:41,success,334326,demo-v1.1
R003314,O019038,2026-07-08T14:28:30,2026-07-08T16:28:30,success,518739,demo-v1.1
R003315,O019040,2026-04-26T11:19:43,2026-04-27T07:19:43,success,438898,demo-v1.1
R003316,O019043,2026-07-14T05:35:51,2026-07-14T19:35:51,success,57359,demo-v1.1
R003317,O019043,2026-07-14T19:36:51,2026-07-17T04:36:51,success,66158,demo-v1.1
R003318,O019044,2026-03-17T13:20:25,2026-03-20T07:20:25,success,1531382,demo-v1.1
R003319,O019047,2026-06-18T11:53:36,2026-06-20T22:53:36,success,72987,demo-v1.1
R003320,O019054,2026-05-15T22:55:04,2026-05-16T17:55:04,success,240373,demo-v1.1
R003321,O019060,2026-03-23T18:06:08,2026-03-24T05:06:08,success,75766,demo-v1.1
R003322,O019061,2026-03-16T06:02:12,,pending,788857,demo-v1.1
R003323,O019071,2026-09-21T12:59:10,2026-09-24T10:59:10,success,1009385,demo-v1.1
R003324,O019075,2026-07-03T09:50:09,2026-07-03T10:50:09,success,88181,demo-v1.1
R003325,O019077,2026-06-09T08:05:11,,pending,697616,demo-v1.1
R003326,O019079,2026-06-07T12:44:23,2026-06-09T22:44:23,success,907690,demo-v1.1
R003327,O019080,2026-08-24T23:42:38,2026-08-26T07:42:38,success,361857,demo-v1.1
R003328,O019081,2026-03-07T05:03:57,2026-03-09T11:03:57,success,248819,demo-v1.1
R003329,O019085,2026-02-20T07:13:50,2026-02-23T06:13:50,success,78022,demo-v1.1
R003330,O019090,2026-07-26T00:45:42,2026-07-28T00:45:42,success,116802,demo-v1.1
R003331,O019091,2026-03-11T17:16:24,2026-03-14T15:16:24,success,27158,demo-v1.1
R003332,O019095,2026-07-07T10:06:13,2026-07-07T16:06:13,success,260261,demo-v1.1
R003333,O019096,2026-08-12T10:09:50,,failed,1041317,demo-v1.1
R003334,O019099,2026-08-17T11:30:30,2026-08-20T08:30:30,success,428126,demo-v1.1
R003335,O019103,2026-08-15T07:38:36,2026-08-18T03:38:36,success,1244818,demo-v1.1
R003336,O019105,2026-04-28T00:34:32,,failed,169902,demo-v1.1
R003337,O019111,2026-09-09T14:34:16,2026-09-10T00:34:16,success,207263,demo-v1.1
R003338,O019113,2026-03-01T10:24:49,2026-03-01T13:24:49,success,39745,demo-v1.1
R003339,O019114,2026-07-21T02:31:16,2026-07-23T12:31:16,success,128891,demo-v1.1
R003340,O019114,2026-07-23T12:32:16,,failed,335449,demo-v1.1
R003341,O019117,2026-02-23T05:37:05,,pending,130962,demo-v1.1
R003342,O019120,2026-04-03T06:10:59,2026-04-05T23:10:59,success,97753,demo-v1.1
R003343,O019122,2026-06-17T03:31:06,2026-06-18T21:31:06,success,142128,demo-v1.1
R003344,O019138,2026-08-23T09:49:07,,pending,86441,demo-v1.1
R003345,O019145,2026-01-19T00:31:42,2026-01-20T14:31:42,success,302948,demo-v1.1
R003346,O019150,2026-08-02T19:25:19,2026-08-03T05:25:19,success,244306,demo-v1.1
R003347,O019154,2026-07-23T06:54:21,2026-07-26T02:54:21,success,627653,demo-v1.1
R003348,O019169,2026-02-07T08:54:22,2026-02-10T02:54:22,success,73524,demo-v1.1
R003349,O019172,2026-05-17T10:37:37,2026-05-17T19:37:37,success,444560,demo-v1.1
R003350,O019172,2026-05-17T19:38:37,2026-05-18T13:38:37,success,108122,demo-v1.1
R003351,O019175,2026-04-30T22:09:50,2026-05-01T02:09:50,success,761892,demo-v1.1
R003352,O019179,2026-02-05T14:20:15,2026-02-07T01:20:15,success,69489,demo-v1.1
R003353,O019185,2026-05-02T19:49:15,2026-05-03T15:49:15,success,183135,demo-v1.1
R003354,O019189,2026-07-04T14:46:47,2026-07-06T21:46:47,success,1092014,demo-v1.1
R003355,O019194,2026-06-13T11:31:39,2026-06-15T07:31:39,success,460213,demo-v1.1
R003356,O019194,2026-06-15T07:32:39,2026-06-15T10:32:39,success,952307,demo-v1.1
R003357,O019200,2026-04-29T02:19:47,2026-05-01T22:19:47,success,22947,demo-v1.1
R003358,O019207,2026-01-19T06:00:28,2026-01-22T02:00:28,success,118462,demo-v1.1
R003359,O019210,2026-08-18T09:28:02,2026-08-20T02:28:02,success,433319,demo-v1.1
R003360,O019214,2026-04-10T00:28:40,2026-04-10T12:28:40,success,481537,demo-v1.1
R003361,O019220,2026-07-26T00:09:01,2026-07-28T05:09:01,success,1456493,demo-v1.1
R003362,O019226,2026-09-15T07:35:00,,pending,708388,demo-v1.1
R003363,O019227,2026-05-29T15:30:55,2026-05-30T00:30:55,success,332499,demo-v1.1
R003364,O019229,2026-07-08T02:31:23,2026-07-10T11:31:23,success,654775,demo-v1.1
R003365,O019233,2026-03-15T20:59:24,2026-03-16T00:59:24,success,88428,demo-v1.1
R003366,O019237,2026-01-20T05:55:26,2026-01-22T08:55:26,success,749756,demo-v1.1
R003367,O019244,2026-08-15T11:29:43,2026-08-16T16:29:43,success,1546282,demo-v1.1
R003368,O019247,2026-06-02T19:16:03,2026-06-05T11:16:03,success,1329580,demo-v1.1
R003369,O019250,2026-02-14T11:57:41,2026-02-16T15:57:41,success,10854,demo-v1.1
R003370,O019250,2026-02-16T15:58:41,2026-02-19T06:58:41,success,155534,demo-v1.1
R003371,O019261,2026-03-19T16:46:38,2026-03-21T08:46:38,success,1466681,demo-v1.1
R003372,O019267,2026-03-09T10:09:24,2026-03-10T01:09:24,success,604391,demo-v1.1
R003373,O019268,2026-03-11T00:53:09,2026-03-11T15:53:09,success,550660,demo-v1.1
R003374,O019284,2026-09-06T06:51:23,2026-09-06T10:51:23,success,290626,demo-v1.1
R003375,O019291,2026-04-13T01:17:00,2026-04-15T01:17:00,success,865330,demo-v1.1
R003376,O019296,2026-07-05T20:11:20,2026-07-06T23:11:20,success,1456064,demo-v1.1
R003377,O019298,2026-08-05T10:03:38,2026-08-05T17:03:38,success,352531,demo-v1.1
R003378,O019298,2026-08-05T17:04:38,2026-08-06T16:04:38,success,166156,demo-v1.1
R003379,O019305,2026-01-28T00:38:35,2026-01-29T21:38:35,success,834903,demo-v1.1
R003380,O019312,2026-05-14T13:58:21,2026-05-15T17:58:21,success,25183,demo-v1.1
R003381,O019326,2026-02-07T01:54:45,2026-02-07T22:54:45,success,301050,demo-v1.1
R003382,O019328,2026-05-24T18:48:46,2026-05-26T10:48:46,success,501649,demo-v1.1
R003383,O019339,2026-07-21T21:34:24,2026-07-22T02:34:24,success,131147,demo-v1.1
R003384,O019346,2026-08-24T07:31:15,2026-08-26T11:31:15,success,23470,demo-v1.1
R003385,O019352,2026-03-04T20:59:24,2026-03-06T18:59:24,success,811390,demo-v1.1
R003386,O019352,2026-03-06T19:00:24,2026-03-08T09:00:24,success,275064,demo-v1.1
R003387,O019356,2026-04-04T21:17:55,2026-04-07T19:17:55,success,383371,demo-v1.1
R003388,O019356,2026-04-07T19:18:55,,failed,540622,demo-v1.1
R003389,O019357,2026-07-30T11:58:21,2026-07-31T10:58:21,success,281422,demo-v1.1
R003390,O019366,2026-09-22T13:48:18,2026-09-24T11:48:18,success,934454,demo-v1.1
R003391,O019373,2026-09-30T23:59:59,2026-09-30T23:59:59,success,163029,demo-v1.1
R003392,O019380,2026-02-15T04:30:02,,pending,52164,demo-v1.1
R003393,O019387,2026-09-16T23:41:21,2026-09-19T19:41:21,success,384694,demo-v1.1
R003394,O019393,2026-08-11T02:16:47,,pending,1645,demo-v1.1
R003395,O019407,2026-09-02T13:15:38,2026-09-03T14:15:38,success,796997,demo-v1.1
R003396,O019410,2026-07-25T22:04:29,2026-07-26T17:04:29,success,280756,demo-v1.1
R003397,O019413,2026-06-10T13:16:18,2026-06-12T23:16:18,success,639712,demo-v1.1
R003398,O019418,2026-02-19T00:56:04,2026-02-19T11:56:04,success,48010,demo-v1.1
R003399,O019427,2026-03-28T05:31:58,2026-03-29T07:31:58,success,70402,demo-v1.1
R003400,O019430,2026-02-28T05:29:10,2026-02-28T07:29:10,success,609576,demo-v1.1
R003401,O019441,2026-02-12T21:40:51,,pending,275716,demo-v1.1
R003402,O019442,2026-02-21T13:44:56,2026-02-22T09:44:56,success,359649,demo-v1.1
R003403,O019458,2026-06-28T07:00:52,2026-06-28T10:00:52,success,101233,demo-v1.1
R003404,O019458,2026-06-28T10:01:52,2026-06-30T12:01:52,success,765785,demo-v1.1
R003405,O019461,2026-02-23T10:59:14,,pending,1024706,demo-v1.1
R003406,O019467,2026-02-02T10:45:40,2026-02-04T03:45:40,success,551536,demo-v1.1
R003407,O019475,2026-04-23T00:17:36,2026-04-25T17:17:36,success,647660,demo-v1.1
R003408,O019481,2026-01-24T02:21:38,2026-01-24T04:21:38,success,99586,demo-v1.1
R003409,O019483,2026-06-02T20:21:56,2026-06-04T01:21:56,success,411535,demo-v1.1
R003410,O019493,2026-01-25T17:31:31,2026-01-27T02:31:31,success,690057,demo-v1.1
R003411,O019497,2026-09-16T23:46:02,2026-09-19T11:46:02,success,32445,demo-v1.1
R003412,O019499,2026-04-14T00:26:41,2026-04-15T17:26:41,success,143877,demo-v1.1
R003413,O019500,2026-06-14T15:26:02,2026-06-16T03:26:02,success,323676,demo-v1.1
R003414,O019522,2026-07-25T04:20:43,,pending,113062,demo-v1.1
R003415,O019522,2026-07-26T10:21:43,2026-07-27T22:21:43,success,811208,demo-v1.1
R003416,O019531,2026-06-22T07:18:59,2026-06-24T16:18:59,success,4602,demo-v1.1
R003417,O019531,2026-06-24T16:19:59,2026-06-26T04:19:59,success,212074,demo-v1.1
R003418,O019539,2026-09-30T23:59:59,2026-09-30T23:59:59,success,907372,demo-v1.1
R003419,O019545,2026-04-04T20:35:25,2026-04-05T13:35:25,success,1189340,demo-v1.1
R003420,O019547,2026-08-17T05:16:13,,failed,294093,demo-v1.1
R003421,O019551,2026-05-01T18:24:17,2026-05-02T21:24:17,success,212134,demo-v1.1
R003422,O019560,2026-01-17T01:08:42,2026-01-18T09:08:42,success,687188,demo-v1.1
R003423,O019568,2026-05-06T12:01:27,2026-05-07T10:01:27,success,816092,demo-v1.1
R003424,O019569,2026-01-29T07:34:48,2026-02-01T05:34:48,success,377975,demo-v1.1
R003425,O019571,2026-03-11T22:23:29,2026-03-13T22:23:29,success,107161,demo-v1.1
R003426,O019573,2026-09-06T05:43:46,2026-09-09T03:43:46,success,737237,demo-v1.1
R003427,O019580,2026-07-26T00:25:08,2026-07-28T22:25:08,success,23859,demo-v1.1
R003428,O019584,2026-02-08T03:33:55,2026-02-09T01:33:55,success,260107,demo-v1.1
R003429,O019590,2026-06-11T23:23:27,2026-06-12T12:23:27,success,918539,demo-v1.1
R003430,O019596,2026-08-06T08:22:49,2026-08-07T13:22:49,success,342292,demo-v1.1
R003431,O019598,2026-06-27T20:11:48,2026-06-30T20:11:48,success,314827,demo-v1.1
R003432,O019609,2026-07-10T12:32:26,2026-07-12T23:32:26,success,1177958,demo-v1.1
R003433,O019612,2026-09-30T23:59:59,2026-09-30T23:59:59,success,1042706,demo-v1.1
R003434,O019617,2026-05-15T08:50:51,2026-05-16T21:50:51,success,11867,demo-v1.1
R003435,O019618,2026-06-16T22:31:59,2026-06-18T11:31:59,success,1371932,demo-v1.1
R003436,O019636,2026-01-07T22:50:37,2026-01-08T18:50:37,success,74495,demo-v1.1
R003437,O019642,2026-04-19T01:14:34,2026-04-21T17:14:34,success,1005,demo-v1.1
R003438,O019642,2026-04-21T17:15:34,2026-04-22T14:15:34,success,15284,demo-v1.1
R003439,O019646,2026-05-10T22:49:31,2026-05-12T09:49:31,success,335582,demo-v1.1
R003440,O019651,2026-07-18T02:39:59,2026-07-21T00:39:59,success,315567,demo-v1.1
R003441,O019657,2026-08-13T10:37:11,,pending,174380,demo-v1.1
R003442,O019657,2026-08-16T06:38:11,2026-08-17T19:38:11,success,163381,demo-v1.1
R003443,O019682,2026-07-23T01:33:32,2026-07-24T17:33:32,success,213337,demo-v1.1
R003444,O019692,2026-01-29T13:50:41,2026-01-31T11:50:41,success,6096,demo-v1.1
R003445,O019700,2026-06-19T08:24:40,2026-06-20T02:24:40,success,462126,demo-v1.1
R003446,O019700,2026-06-20T02:25:40,2026-06-21T01:25:40,success,102724,demo-v1.1
R003447,O019704,2026-05-15T10:20:53,2026-05-15T20:20:53,success,463984,demo-v1.1
R003448,O019717,2026-05-29T19:50:52,2026-06-01T01:50:52,success,1466793,demo-v1.1
R003449,O019719,2026-08-31T12:16:43,2026-09-03T06:16:43,success,245441,demo-v1.1
R003450,O019732,2026-04-01T15:33:33,,pending,504285,demo-v1.1
R003451,O019741,2026-04-19T13:40:27,2026-04-20T05:40:27,success,330394,demo-v1.1
R003452,O019745,2026-09-24T06:13:40,2026-09-25T17:13:40,success,223077,demo-v1.1
R003453,O019760,2026-02-11T12:48:22,2026-02-12T05:48:22,success,335191,demo-v1.1
R003454,O019773,2026-02-22T14:12:00,2026-02-22T23:12:00,success,81218,demo-v1.1
R003455,O019773,2026-02-22T23:13:00,2026-02-25T06:13:00,success,142095,demo-v1.1
R003456,O019781,2026-03-06T12:02:19,2026-03-09T03:02:19,success,59948,demo-v1.1
R003457,O019784,2026-06-15T05:50:22,,pending,1053169,demo-v1.1
R003458,O019791,2026-04-18T04:20:45,,failed,180188,demo-v1.1
R003459,O019804,2026-06-29T23:23:21,2026-07-02T01:23:21,success,326310,demo-v1.1
R003460,O019807,2026-02-26T18:55:43,2026-02-28T10:55:43,success,1349159,demo-v1.1
R003461,O019813,2026-07-14T03:20:48,2026-07-16T19:20:48,success,523789,demo-v1.1
R003462,O019814,2026-01-29T20:57:59,2026-02-01T00:57:59,success,1441470,demo-v1.1
R003463,O019817,2026-02-15T13:18:19,2026-02-17T11:18:19,success,37664,demo-v1.1
R003464,O019820,2026-06-01T09:58:51,2026-06-02T01:58:51,success,93576,demo-v1.1
R003465,O019825,2026-04-21T22:13:08,2026-04-23T15:13:08,success,83505,demo-v1.1
R003466,O019826,2026-01-14T11:36:49,2026-01-15T02:36:49,success,14573,demo-v1.1
R003467,O019836,2026-08-14T17:36:00,2026-08-15T16:36:00,success,19462,demo-v1.1
R003468,O019836,2026-08-15T16:37:00,,failed,4739,demo-v1.1
R003469,O019840,2026-06-26T14:25:01,2026-06-28T01:25:01,success,249361,demo-v1.1
R003470,O019866,2026-06-04T02:55:18,2026-06-04T09:55:18,success,1203131,demo-v1.1
R003471,O019876,2026-07-04T19:57:21,2026-07-06T20:57:21,success,768604,demo-v1.1
R003472,O019882,2026-05-16T18:10:31,2026-05-18T18:10:31,success,278325,demo-v1.1
R003473,O019883,2026-01-26T08:04:12,2026-01-26T21:04:12,success,147941,demo-v1.1
R003474,O019885,2026-07-31T23:08:13,,failed,983283,demo-v1.1
R003475,O019894,2026-07-13T05:53:06,2026-07-14T02:53:06,success,140484,demo-v1.1
R003476,O019911,2026-07-21T23:17:06,,pending,247568,demo-v1.1
R003477,O019926,2026-08-06T18:07:29,,failed,1477982,demo-v1.1
R003478,O019928,2026-05-12T21:56:18,,pending,987110,demo-v1.1
R003479,O019930,2026-07-10T06:29:20,2026-07-11T01:29:20,success,1200963,demo-v1.1
R003480,O019944,2026-07-30T04:44:25,2026-08-01T18:44:25,success,628984,demo-v1.1
R003481,O019952,2026-09-03T16:51:10,2026-09-04T13:51:10,success,556210,demo-v1.1
R003482,O019957,2026-09-03T09:41:26,2026-09-04T14:41:26,success,732785,demo-v1.1
R003483,O019960,2026-03-27T18:51:49,2026-03-28T20:51:49,success,175749,demo-v1.1
R003484,O019960,2026-03-28T20:52:49,2026-03-30T04:52:49,success,22260,demo-v1.1
R003485,O019964,2026-09-14T13:49:31,2026-09-16T08:49:31,success,806074,demo-v1.1
R003486,O019982,2026-04-01T14:06:21,2026-04-02T06:06:21,success,69208,demo-v1.1
R003487,O019985,2026-08-28T01:36:28,2026-08-28T06:36:28,success,57206,demo-v1.1
R003488,O019987,2026-06-17T03:43:41,,pending,462941,demo-v1.1
R003489,O019990,2026-07-17T11:14:54,2026-07-17T16:14:54,success,662853,demo-v1.1
R003490,O019991,2026-06-15T18:45:48,2026-06-17T06:45:48,success,514403,demo-v1.1
R003491,O019995,2026-09-30T23:59:59,,pending,986924,demo-v1.1
R003492,O019998,2026-01-23T00:09:50,2026-01-24T19:09:50,success,512154,demo-v1.1
